"","penalty","errors_lopart","errors_opart","train_errors_opart"
"1",0.001,693,693,282
"2",0.01,512,512,223
"3",0.1,141,141,87
"4",1,3,3,1
"5",1.5,1,1,1
"6",2,1,1,1
"7",2.5,1,1,1
"8",3,1,1,1
"9",5,1,1,1
"10",10,0,1,1
"11",0.001,155,155,2491
"12",0.01,117,117,1871
"13",0.1,31,31,612
"14",1,0,0,14
"15",1.5,0,0,3
"16",2,0,0,3
"17",2.5,0,0,3
"18",3,0,0,3
"19",5,0,0,1
"20",10,0,0,1
"21",0.001,670,1305,722
"22",0.01,534,1064,583
"23",0.1,245,469,268
"24",1,10,15,8
"25",1.5,4,7,1
"26",2,2,2,1
"27",2.5,2,2,1
"28",3,2,2,1
"29",5,1,1,1
"30",10,0,0,0
"31",0.001,202,202,150
"32",0.01,153,153,116
"33",0.1,29,29,19
"34",1,1,1,0
"35",1.5,1,1,0
"36",2,1,1,0
"37",2.5,1,1,0
"38",3,1,1,0
"39",5,1,1,0
"40",10,1,1,0
"41",0.001,10,32,214
"42",0.01,5,15,71
"43",0.1,0,0,4
"44",1,0,0,1
"45",1.5,0,0,0
"46",2,1,1,0
"47",2.5,1,1,0
"48",3,1,1,0
"49",5,1,1,0
"50",10,1,2,0
"51",0.001,46,70,62
"52",0.01,18,25,31
"53",0.1,2,2,0
"54",1,0,0,0
"55",1.5,0,0,0
"56",2,0,0,0
"57",2.5,0,0,0
"58",3,0,0,0
"59",5,0,0,0
"60",10,0,0,0
"61",0.001,9,18,36
"62",0.01,2,4,8
"63",0.1,0,0,1
"64",1,0,0,0
"65",1.5,0,0,0
"66",2,0,1,0
"67",2.5,0,1,0
"68",3,0,1,0
"69",5,1,2,0
"70",10,1,2,0
"71",0.001,41,41,25
"72",0.01,20,20,16
"73",0.1,3,3,5
"74",1,0,0,3
"75",1.5,0,0,2
"76",2,0,0,2
"77",2.5,0,0,2
"78",3,0,0,2
"79",5,0,0,2
"80",10,0,0,2
"81",0.001,52,52,62
"82",0.01,20,20,33
"83",0.1,2,2,3
"84",1,0,0,0
"85",1.5,0,0,0
"86",2,0,0,0
"87",2.5,0,0,0
"88",3,0,0,0
"89",5,0,0,0
"90",10,0,0,0
"91",0.001,22,36,164
"92",0.01,10,12,13
"93",0.1,0,0,3
"94",1,0,0,0
"95",1.5,0,0,0
"96",2,0,1,0
"97",2.5,0,1,0
"98",3,0,1,0
"99",5,1,2,0
"100",10,1,2,0
"101",0.001,28,84,40
"102",0.01,2,11,7
"103",0.1,0,0,0
"104",1,0,0,0
"105",1.5,0,0,0
"106",2,0,0,0
"107",2.5,0,1,0
"108",3,0,1,0
"109",5,0,1,0
"110",10,0,1,0
"111",0.001,65,65,207
"112",0.01,14,14,39
"113",0.1,0,0,3
"114",1,0,0,0
"115",1.5,1,1,0
"116",2,1,1,0
"117",2.5,1,1,0
"118",3,1,1,0
"119",5,1,1,0
"120",10,1,1,0
"121",0.001,32,32,190
"122",0.01,10,10,70
"123",0.1,2,2,15
"124",1,0,0,0
"125",1.5,0,0,0
"126",2,0,0,0
"127",2.5,0,0,0
"128",3,0,0,0
"129",5,1,1,0
"130",10,1,1,0
"131",0.001,159,201,124
"132",0.01,63,81,45
"133",0.1,3,5,4
"134",1,0,0,0
"135",1.5,0,0,0
"136",2,0,0,0
"137",2.5,0,0,0
"138",3,0,1,1
"139",5,0,1,1
"140",10,0,1,1
"141",0.001,20,65,160
"142",0.01,5,18,32
"143",0.1,0,1,2
"144",1,1,2,0
"145",1.5,1,2,0
"146",2,1,2,0
"147",2.5,1,2,0
"148",3,1,2,0
"149",5,1,2,0
"150",10,1,2,0
"151",0.001,195,264,73
"152",0.01,76,101,27
"153",0.1,2,4,1
"154",1,0,0,0
"155",1.5,0,0,0
"156",2,0,0,0
"157",2.5,0,0,0
"158",3,0,0,0
"159",5,0,1,0
"160",10,0,1,0
"161",0.001,123,123,52
"162",0.01,16,16,10
"163",0.1,0,0,0
"164",1,0,0,0
"165",1.5,0,0,0
"166",2,0,0,0
"167",2.5,0,0,0
"168",3,0,0,0
"169",5,0,0,0
"170",10,0,0,1
"171",0.001,15,15,130
"172",0.01,1,1,18
"173",0.1,0,0,2
"174",1,1,1,0
"175",1.5,1,1,0
"176",2,1,1,0
"177",2.5,1,1,0
"178",3,1,1,0
"179",5,1,1,0
"180",10,1,1,0
"181",0.001,15,15,148
"182",0.01,5,5,36
"183",0.1,0,0,1
"184",1,0,0,0
"185",1.5,0,0,0
"186",2,1,1,0
"187",2.5,1,1,0
"188",3,1,1,0
"189",5,1,1,0
"190",10,1,1,0
"191",0.001,69,69,196
"192",0.01,13,14,23
"193",0.1,1,1,3
"194",1,0,0,0
"195",1.5,0,0,0
"196",2,1,1,0
"197",2.5,1,1,0
"198",3,1,1,0
"199",5,1,1,0
"200",10,1,1,0
"201",0.001,59,108,192
"202",0.01,20,34,35
"203",0.1,0,0,2
"204",1,0,0,0
"205",1.5,0,0,0
"206",2,0,0,0
"207",2.5,0,0,0
"208",3,0,0,0
"209",5,0,0,0
"210",10,0,0,0
"211",0.001,42,42,194
"212",0.01,17,17,44
"213",0.1,2,2,3
"214",1,0,0,0
"215",1.5,0,0,0
"216",2,0,0,0
"217",2.5,0,0,0
"218",3,0,0,0
"219",5,1,1,0
"220",10,1,1,0
"221",0.001,39,76,82
"222",0.01,15,28,39
"223",0.1,0,1,6
"224",1,0,0,0
"225",1.5,0,0,0
"226",2,0,0,0
"227",2.5,0,0,0
"228",3,0,0,0
"229",5,0,0,0
"230",10,0,1,0
"231",0.001,31,73,40
"232",0.01,5,13,1
"233",0.1,0,0,0
"234",1,0,0,0
"235",1.5,0,0,0
"236",2,0,0,0
"237",2.5,0,0,0
"238",3,0,0,0
"239",5,0,1,0
"240",10,0,1,0
"241",0.001,29,29,54
"242",0.01,4,4,14
"243",0.1,0,0,0
"244",1,0,0,0
"245",1.5,2,2,0
"246",2,2,2,0
"247",2.5,2,2,0
"248",3,2,2,0
"249",5,2,2,0
"250",10,2,2,1
"251",0.001,64,117,83
"252",0.01,18,39,36
"253",0.1,2,7,1
"254",1,0,0,0
"255",1.5,0,0,0
"256",2,0,0,0
"257",2.5,0,0,0
"258",3,0,0,0
"259",5,0,0,0
"260",10,0,0,0
"261",0.001,17,179,60
"262",0.01,2,91,31
"263",0.1,0,8,2
"264",1,0,0,0
"265",1.5,0,0,0
"266",2,0,0,0
"267",2.5,0,0,0
"268",3,0,0,0
"269",5,0,0,0
"270",10,0,0,0
"271",0.001,89,121,97
"272",0.01,39,58,35
"273",0.1,0,1,2
"274",1,0,0,0
"275",1.5,0,0,0
"276",2,0,0,0
"277",2.5,0,0,0
"278",3,0,0,0
"279",5,0,0,0
"280",10,0,1,0
"281",0.001,85,85,75
"282",0.01,22,22,20
"283",0.1,1,1,2
"284",1,0,0,0
"285",1.5,0,0,0
"286",2,0,0,0
"287",2.5,0,0,0
"288",3,0,0,0
"289",5,0,0,0
"290",10,0,0,0
"291",0.001,53,100,63
"292",0.01,24,50,36
"293",0.1,4,7,4
"294",1,0,0,1
"295",1.5,0,0,1
"296",2,0,0,1
"297",2.5,0,0,0
"298",3,0,0,0
"299",5,0,0,0
"300",10,0,0,0
"301",0.001,7,7,166
"302",0.01,3,3,22
"303",0.1,0,0,0
"304",1,0,0,0
"305",1.5,1,1,0
"306",2,1,1,0
"307",2.5,1,1,0
"308",3,1,1,0
"309",5,1,1,0
"310",10,1,1,0
"311",0.001,121,143,71
"312",0.01,45,59,31
"313",0.1,3,3,7
"314",1,0,0,0
"315",1.5,0,0,0
"316",2,0,0,0
"317",2.5,0,0,0
"318",3,0,0,0
"319",5,0,0,0
"320",10,0,0,0
"321",0.001,165,165,130
"322",0.01,67,67,69
"323",0.1,3,3,7
"324",1,0,0,0
"325",1.5,0,0,0
"326",2,0,0,0
"327",2.5,0,0,0
"328",3,0,0,0
"329",5,0,0,0
"330",10,0,0,0
"331",0.001,80,80,87
"332",0.01,56,56,67
"333",0.1,15,15,21
"334",1,0,0,0
"335",1.5,0,0,0
"336",2,0,0,0
"337",2.5,0,0,0
"338",3,0,0,0
"339",5,0,0,0
"340",10,0,0,0
"341",0.001,34,34,59
"342",0.01,23,23,39
"343",0.1,8,8,6
"344",1,0,0,1
"345",1.5,0,0,1
"346",2,0,0,0
"347",2.5,0,0,0
"348",3,0,0,0
"349",5,0,0,0
"350",10,0,0,1
"351",0.001,81,129,96
"352",0.01,57,87,50
"353",0.1,15,24,4
"354",1,1,1,0
"355",1.5,1,1,0
"356",2,1,1,0
"357",2.5,0,0,0
"358",3,0,0,0
"359",5,0,0,0
"360",10,0,0,0
"361",0.001,79,79,66
"362",0.01,44,44,36
"363",0.1,0,0,1
"364",1,0,0,0
"365",1.5,0,0,0
"366",2,0,0,0
"367",2.5,0,0,0
"368",3,0,0,0
"369",5,0,0,0
"370",10,0,0,1
"371",0.001,191,191,75
"372",0.01,117,117,40
"373",0.1,15,15,6
"374",1,0,0,0
"375",1.5,0,0,0
"376",2,0,0,0
"377",2.5,0,0,0
"378",3,0,0,0
"379",5,0,0,0
"380",10,0,0,0
"381",0.001,122,122,53
"382",0.01,38,38,20
"383",0.1,3,3,6
"384",1,2,2,0
"385",1.5,2,2,0
"386",2,2,2,0
"387",2.5,0,0,0
"388",3,0,0,0
"389",5,0,0,0
"390",10,0,0,0
"391",0.001,168,198,105
"392",0.01,88,105,49
"393",0.1,5,6,8
"394",1,0,0,0
"395",1.5,0,0,0
"396",2,0,0,0
"397",2.5,0,0,0
"398",3,0,0,0
"399",5,0,0,0
"400",10,0,0,0
"401",0.001,78,78,185
"402",0.01,25,25,42
"403",0.1,0,0,3
"404",1,0,0,0
"405",1.5,0,0,0
"406",2,2,2,0
"407",2.5,2,2,0
"408",3,2,2,0
"409",5,2,2,1
"410",10,2,2,1
"411",0.001,97,97,230
"412",0.01,21,21,41
"413",0.1,2,2,3
"414",1,0,0,0
"415",1.5,0,0,0
"416",2,0,0,0
"417",2.5,1,1,0
"418",3,1,1,0
"419",5,1,1,0
"420",10,1,1,0
"421",0.001,109,134,37
"422",0.01,13,15,4
"423",0.1,0,1,1
"424",1,0,0,0
"425",1.5,0,0,0
"426",2,0,1,0
"427",2.5,0,1,0
"428",3,0,1,0
"429",5,0,1,0
"430",10,0,1,0
"431",0.001,141,141,83
"432",0.01,24,24,10
"433",0.1,2,2,3
"434",1,0,0,0
"435",1.5,0,0,1
"436",2,0,0,1
"437",2.5,0,0,1
"438",3,0,0,1
"439",5,0,0,1
"440",10,0,0,1
"441",0.001,35,35,206
"442",0.01,1,1,29
"443",0.1,0,0,1
"444",1,0,0,0
"445",1.5,1,1,0
"446",2,1,1,0
"447",2.5,1,1,0
"448",3,1,1,0
"449",5,1,1,0
"450",10,1,1,0
"451",0.001,101,160,125
"452",0.01,38,59,40
"453",0.1,2,3,3
"454",1,0,0,0
"455",1.5,0,0,0
"456",2,0,1,0
"457",2.5,0,1,0
"458",3,0,1,0
"459",5,0,1,0
"460",10,0,1,0
"461",0.001,137,137,195
"462",0.01,14,14,47
"463",0.1,0,0,4
"464",1,0,0,0
"465",1.5,0,0,0
"466",2,0,0,0
"467",2.5,0,0,0
"468",3,0,0,0
"469",5,0,0,1
"470",10,0,0,1
"471",0.001,14,14,30
"472",0.01,3,3,3
"473",0.1,0,0,0
"474",1,0,0,1
"475",1.5,0,0,1
"476",2,0,0,1
"477",2.5,0,0,1
"478",3,0,0,1
"479",5,0,0,1
"480",10,0,0,1
"481",0.001,42,42,37
"482",0.01,17,17,14
"483",0.1,0,0,0
"484",1,0,0,0
"485",1.5,0,0,0
"486",2,0,0,0
"487",2.5,0,0,0
"488",3,0,0,0
"489",5,0,0,2
"490",10,0,1,2
"491",0.001,22,22,18
"492",0.01,15,15,10
"493",0.1,0,0,0
"494",1,0,0,0
"495",1.5,0,0,0
"496",2,0,0,0
"497",2.5,0,0,0
"498",3,0,0,0
"499",5,0,0,0
"500",10,1,1,0
"501",0.001,15,15,15
"502",0.01,1,1,0
"503",0.1,0,0,0
"504",1,0,0,0
"505",1.5,0,0,0
"506",2,0,0,0
"507",2.5,0,0,0
"508",3,1,1,0
"509",5,1,1,0
"510",10,1,1,0
"511",0.001,13,13,18
"512",0.01,8,8,9
"513",0.1,2,2,0
"514",1,1,1,0
"515",1.5,1,1,0
"516",2,1,1,0
"517",2.5,1,1,0
"518",3,1,1,0
"519",5,1,1,0
"520",10,1,1,0
"521",0.001,33,33,76
"522",0.01,19,19,42
"523",0.1,0,0,2
"524",1,0,0,0
"525",1.5,0,0,0
"526",2,0,0,0
"527",2.5,0,0,0
"528",3,0,0,0
"529",5,0,0,0
"530",10,1,1,0
"531",0.001,34,34,44
"532",0.01,12,12,9
"533",0.1,0,0,0
"534",1,0,0,0
"535",1.5,0,0,0
"536",2,0,0,0
"537",2.5,1,1,0
"538",3,1,1,0
"539",5,1,1,0
"540",10,1,1,0
"541",0.001,25,25,30
"542",0.01,13,13,15
"543",0.1,2,2,0
"544",1,0,0,0
"545",1.5,0,0,0
"546",2,0,0,0
"547",2.5,0,0,0
"548",3,0,0,0
"549",5,0,0,0
"550",10,1,1,0
"551",0.001,40,59,24
"552",0.01,27,37,5
"553",0.1,4,5,0
"554",1,0,0,0
"555",1.5,0,0,0
"556",2,0,0,0
"557",2.5,0,0,0
"558",3,0,0,0
"559",5,0,0,0
"560",10,0,0,0
"561",0.001,47,78,41
"562",0.01,24,41,21
"563",0.1,1,1,0
"564",1,0,0,0
"565",1.5,0,0,0
"566",2,0,0,0
"567",2.5,0,0,0
"568",3,0,0,0
"569",5,0,0,0
"570",10,0,0,0
"571",0.001,47,47,18
"572",0.01,16,16,2
"573",0.1,1,1,0
"574",1,0,0,1
"575",1.5,0,0,1
"576",2,1,0,1
"577",2.5,1,1,1
"578",3,1,1,1
"579",5,1,1,1
"580",10,1,1,1
"581",0.001,36,55,39
"582",0.01,20,27,9
"583",0.1,1,1,0
"584",1,0,0,0
"585",1.5,0,0,0
"586",2,0,0,0
"587",2.5,0,0,0
"588",3,0,1,0
"589",5,0,1,0
"590",10,0,1,0
"591",0.001,44,44,50
"592",0.01,31,31,21
"593",0.1,7,7,1
"594",1,0,0,0
"595",1.5,0,0,0
"596",2,0,0,0
"597",2.5,0,0,0
"598",3,0,0,0
"599",5,0,0,1
"600",10,1,1,1
"601",0.001,41,66,39
"602",0.01,21,33,15
"603",0.1,3,3,1
"604",1,0,0,0
"605",1.5,0,0,0
"606",2,0,0,0
"607",2.5,0,0,0
"608",3,0,0,0
"609",5,0,0,0
"610",10,0,0,0
"611",0.001,43,69,34
"612",0.01,18,36,15
"613",0.1,2,6,1
"614",1,0,0,0
"615",1.5,0,0,0
"616",2,0,0,0
"617",2.5,0,0,0
"618",3,0,0,0
"619",5,0,0,0
"620",10,0,0,0
"621",0.001,21,21,32
"622",0.01,8,8,12
"623",0.1,1,1,0
"624",1,0,0,0
"625",1.5,0,0,0
"626",2,0,0,0
"627",2.5,0,0,0
"628",3,0,0,0
"629",5,0,0,0
"630",10,0,0,1
"631",0.001,75,75,17
"632",0.01,36,36,10
"633",0.1,2,2,2
"634",1,0,0,0
"635",1.5,0,0,1
"636",2,0,0,1
"637",2.5,0,0,1
"638",3,0,0,1
"639",5,0,0,1
"640",10,0,0,1
"641",0.001,33,59,20
"642",0.01,16,28,3
"643",0.1,2,5,0
"644",1,0,0,0
"645",1.5,0,0,0
"646",2,0,0,0
"647",2.5,0,0,0
"648",3,0,0,0
"649",5,0,1,0
"650",10,0,1,0
"651",0.001,30,45,23
"652",0.01,10,13,5
"653",0.1,1,1,0
"654",1,0,0,0
"655",1.5,0,0,0
"656",2,0,0,0
"657",2.5,0,0,0
"658",3,0,1,0
"659",5,0,1,0
"660",10,0,1,0
"661",0.001,59,91,41
"662",0.01,30,51,9
"663",0.1,7,7,0
"664",1,0,0,0
"665",1.5,0,0,0
"666",2,0,0,0
"667",2.5,0,0,0
"668",3,0,0,0
"669",5,0,0,0
"670",10,0,0,0
"671",0.001,42,71,25
"672",0.01,17,28,7
"673",0.1,1,1,0
"674",1,0,0,0
"675",1.5,0,0,0
"676",2,0,0,0
"677",2.5,0,0,0
"678",3,0,0,0
"679",5,0,0,0
"680",10,0,1,0
"681",0.001,10,56,22
"682",0.01,7,33,10
"683",0.1,0,0,1
"684",1,0,0,0
"685",1.5,0,0,0
"686",2,0,0,0
"687",2.5,0,0,0
"688",3,0,0,0
"689",5,0,0,0
"690",10,0,0,0
"691",0.001,61,61,24
"692",0.01,47,47,21
"693",0.1,20,20,7
"694",1,2,2,1
"695",1.5,1,0,1
"696",2,1,0,1
"697",2.5,0,0,1
"698",3,0,0,1
"699",5,0,0,0
"700",10,0,0,0
"701",0.001,22,22,69
"702",0.01,4,4,19
"703",0.1,0,1,2
"704",1,0,0,0
"705",1.5,0,0,0
"706",2,0,0,0
"707",2.5,0,0,0
"708",3,0,0,0
"709",5,1,1,0
"710",10,1,1,0
"711",0.001,48,48,12
"712",0.01,11,11,8
"713",0.1,0,0,0
"714",1,0,0,0
"715",1.5,0,0,0
"716",2,0,0,0
"717",2.5,0,0,0
"718",3,0,0,1
"719",5,0,0,1
"720",10,0,0,1
"721",0.001,63,78,23
"722",0.01,42,50,10
"723",0.1,11,11,2
"724",1,0,0,0
"725",1.5,0,1,0
"726",2,0,1,0
"727",2.5,0,1,0
"728",3,0,1,0
"729",5,0,1,0
"730",10,1,1,0
"731",0.001,59,77,14
"732",0.01,30,42,6
"733",0.1,4,9,1
"734",1,0,0,0
"735",1.5,0,0,0
"736",2,0,0,0
"737",2.5,0,0,0
"738",3,0,0,0
"739",5,0,0,0
"740",10,0,0,0
"741",0.001,61,73,64
"742",0.01,28,34,24
"743",0.1,4,4,1
"744",1,0,0,0
"745",1.5,0,0,0
"746",2,0,0,0
"747",2.5,0,0,0
"748",3,0,0,0
"749",5,0,0,0
"750",10,0,1,0
"751",0.001,28,28,28
"752",0.01,2,2,1
"753",0.1,0,0,0
"754",1,0,0,0
"755",1.5,0,0,0
"756",2,0,0,0
"757",2.5,0,0,0
"758",3,1,1,0
"759",5,1,1,0
"760",10,1,1,0
"761",0.001,31,69,38
"762",0.01,2,3,5
"763",0.1,0,0,0
"764",1,0,1,0
"765",1.5,0,1,0
"766",2,0,1,0
"767",2.5,0,1,0
"768",3,0,1,0
"769",5,0,1,0
"770",10,0,1,0
"771",0.001,47,47,16
"772",0.01,14,14,1
"773",0.1,0,0,0
"774",1,0,0,0
"775",1.5,0,0,0
"776",2,0,0,0
"777",2.5,0,0,0
"778",3,0,0,0
"779",5,0,0,0
"780",10,1,1,0
"781",0.001,24,46,36
"782",0.01,4,10,11
"783",0.1,0,0,0
"784",1,0,0,1
"785",1.5,0,0,1
"786",2,0,0,1
"787",2.5,0,1,1
"788",3,0,1,1
"789",5,0,1,1
"790",10,0,1,1
"791",0.001,62,90,33
"792",0.01,18,28,9
"793",0.1,3,3,0
"794",1,0,0,0
"795",1.5,0,0,0
"796",2,0,0,0
"797",2.5,0,0,0
"798",3,0,0,0
"799",5,0,1,0
"800",10,0,1,0
"801",0.001,48,64,36
"802",0.01,18,22,5
"803",0.1,1,2,0
"804",1,0,0,0
"805",1.5,0,0,0
"806",2,0,0,0
"807",2.5,0,0,0
"808",3,0,0,0
"809",5,0,0,0
"810",10,0,1,0
"811",0.001,23,23,69
"812",0.01,10,10,19
"813",0.1,1,1,0
"814",1,0,0,0
"815",1.5,0,0,0
"816",2,0,0,0
"817",2.5,0,0,0
"818",3,0,0,0
"819",5,1,1,0
"820",10,1,1,0
"821",0.001,50,50,95
"822",0.01,22,22,41
"823",0.1,6,6,1
"824",1,0,0,0
"825",1.5,0,0,0
"826",2,0,0,0
"827",2.5,0,0,0
"828",3,0,0,0
"829",5,0,0,0
"830",10,0,0,0
"831",0.001,14,52,33
"832",0.01,3,26,7
"833",0.1,0,3,0
"834",1,0,0,0
"835",1.5,0,0,0
"836",2,0,0,0
"837",2.5,0,0,0
"838",3,0,0,0
"839",5,0,0,0
"840",10,0,0,0
"841",0.001,45,83,21
"842",0.01,11,26,0
"843",0.1,2,2,0
"844",1,0,0,0
"845",1.5,0,0,0
"846",2,0,0,0
"847",2.5,0,1,0
"848",3,0,1,0
"849",5,0,1,0
"850",10,0,1,0
"851",0.001,20,33,62
"852",0.01,3,3,9
"853",0.1,0,0,0
"854",1,0,0,0
"855",1.5,0,0,0
"856",2,0,0,0
"857",2.5,0,0,0
"858",3,0,0,0
"859",5,0,0,0
"860",10,0,1,0
"861",0.001,21,21,11
"862",0.01,2,2,5
"863",0.1,0,0,0
"864",1,0,0,0
"865",1.5,0,0,0
"866",2,0,0,0
"867",2.5,0,0,0
"868",3,0,0,0
"869",5,0,0,1
"870",10,0,0,1
"871",0.001,21,58,26
"872",0.01,12,27,13
"873",0.1,0,2,1
"874",1,0,0,0
"875",1.5,0,0,0
"876",2,0,0,0
"877",2.5,0,0,0
"878",3,0,0,0
"879",5,0,0,0
"880",10,0,1,0
"881",0.001,19,19,75
"882",0.01,12,12,29
"883",0.1,2,2,2
"884",1,1,1,0
"885",1.5,1,1,0
"886",2,1,1,0
"887",2.5,1,1,0
"888",3,1,1,0
"889",5,1,1,0
"890",10,1,1,0
"891",0.001,11,11,23
"892",0.01,1,1,5
"893",0.1,0,0,0
"894",1,0,0,0
"895",1.5,0,0,0
"896",2,0,0,1
"897",2.5,0,0,1
"898",3,0,0,1
"899",5,0,0,1
"900",10,0,0,1
"901",0.001,26,26,32
"902",0.01,12,12,8
"903",0.1,0,0,0
"904",1,0,0,0
"905",1.5,0,0,0
"906",2,0,0,0
"907",2.5,0,0,0
"908",3,0,0,0
"909",5,1,1,0
"910",10,1,1,0
"911",0.001,14,14,12
"912",0.01,6,6,3
"913",0.1,0,0,0
"914",1,0,0,1
"915",1.5,0,0,1
"916",2,0,0,1
"917",2.5,0,0,1
"918",3,0,0,1
"919",5,0,0,1
"920",10,0,0,1
"921",0.001,14,14,31
"922",0.01,5,5,17
"923",0.1,1,1,2
"924",1,0,0,0
"925",1.5,0,0,0
"926",2,0,0,0
"927",2.5,0,0,0
"928",3,0,0,0
"929",5,0,0,1
"930",10,0,0,1
"931",0.001,30,30,20
"932",0.01,8,8,1
"933",0.1,0,0,0
"934",1,0,0,1
"935",1.5,0,0,1
"936",2,0,0,1
"937",2.5,0,0,1
"938",3,0,0,1
"939",5,0,0,1
"940",10,0,0,1
"941",0.001,6,6,26
"942",0.01,3,3,11
"943",0.1,0,0,0
"944",1,1,1,0
"945",1.5,1,1,0
"946",2,1,1,0
"947",2.5,1,1,0
"948",3,1,1,0
"949",5,1,1,0
"950",10,1,1,0
"951",0.001,9,9,17
"952",0.01,4,4,4
"953",0.1,0,0,0
"954",1,1,1,0
"955",1.5,1,1,0
"956",2,1,1,0
"957",2.5,1,1,0
"958",3,1,1,0
"959",5,1,1,0
"960",10,1,1,0
"961",0.001,18,18,16
"962",0.01,6,6,7
"963",0.1,0,0,0
"964",1,0,0,0
"965",1.5,0,0,1
"966",2,0,0,1
"967",2.5,0,0,1
"968",3,0,0,1
"969",5,0,0,1
"970",10,0,0,1
"971",0.001,20,20,15
"972",0.01,6,6,4
"973",0.1,0,0,0
"974",1,0,0,0
"975",1.5,0,0,0
"976",2,1,1,0
"977",2.5,1,1,0
"978",3,1,1,0
"979",5,1,1,0
"980",10,1,1,0
"981",0.001,28,47,19
"982",0.01,4,13,11
"983",0.1,0,1,0
"984",1,0,0,0
"985",1.5,0,0,0
"986",2,0,0,0
"987",2.5,0,1,0
"988",3,0,1,0
"989",5,0,1,0
"990",10,0,1,0
"991",0.001,6,14,20
"992",0.01,3,4,1
"993",0.1,0,0,0
"994",1,0,0,0
"995",1.5,0,0,0
"996",2,0,0,0
"997",2.5,0,0,0
"998",3,0,0,0
"999",5,0,1,0
"1000",10,0,1,0
"1001",0.001,8,27,23
"1002",0.01,7,16,9
"1003",0.1,2,2,2
"1004",1,0,0,0
"1005",1.5,0,0,0
"1006",2,0,0,0
"1007",2.5,0,0,0
"1008",3,0,0,0
"1009",5,0,0,0
"1010",10,0,1,0
"1011",0.001,5,21,8
"1012",0.01,1,5,0
"1013",0.1,0,0,0
"1014",1,0,0,0
"1015",1.5,0,0,0
"1016",2,0,0,0
"1017",2.5,0,0,0
"1018",3,0,0,0
"1019",5,0,1,0
"1020",10,0,1,0
"1021",0.001,22,35,17
"1022",0.01,10,17,2
"1023",0.1,0,1,0
"1024",1,0,0,0
"1025",1.5,0,0,0
"1026",2,0,0,0
"1027",2.5,0,0,0
"1028",3,0,0,0
"1029",5,0,1,0
"1030",10,0,1,0
"1031",0.001,30,30,31
"1032",0.01,10,10,3
"1033",0.1,2,2,0
"1034",1,0,0,0
"1035",1.5,0,0,0
"1036",2,1,1,0
"1037",2.5,1,1,0
"1038",3,1,1,0
"1039",5,1,1,0
"1040",10,1,1,0
"1041",0.001,5,19,14
"1042",0.01,0,7,7
"1043",0.1,0,0,0
"1044",1,0,0,0
"1045",1.5,0,0,0
"1046",2,0,1,0
"1047",2.5,0,1,0
"1048",3,0,1,0
"1049",5,0,1,0
"1050",10,0,1,0
"1051",0.001,22,33,11
"1052",0.01,8,14,4
"1053",0.1,2,2,0
"1054",1,0,0,0
"1055",1.5,0,0,0
"1056",2,0,0,0
"1057",2.5,0,0,0
"1058",3,0,0,0
"1059",5,0,0,0
"1060",10,0,1,0
"1061",0.001,11,11,12
"1062",0.01,6,6,5
"1063",0.1,2,2,0
"1064",1,0,0,0
"1065",1.5,0,0,0
"1066",2,1,1,0
"1067",2.5,1,1,0
"1068",3,1,1,0
"1069",5,1,1,0
"1070",10,1,1,0
"1071",0.001,18,18,24
"1072",0.01,15,15,11
"1073",0.1,2,2,3
"1074",1,0,0,0
"1075",1.5,0,0,0
"1076",2,0,0,0
"1077",2.5,0,0,0
"1078",3,0,0,0
"1079",5,0,0,1
"1080",10,0,0,1
"1081",0.001,29,90,6
"1082",0.01,20,45,1
"1083",0.1,4,11,0
"1084",1,0,0,0
"1085",1.5,0,0,0
"1086",2,0,0,0
"1087",2.5,0,0,0
"1088",3,0,0,0
"1089",5,0,0,0
"1090",10,0,0,0
"1091",0.001,31,101,9
"1092",0.01,20,58,2
"1093",0.1,2,11,0
"1094",1,0,0,0
"1095",1.5,0,0,0
"1096",2,0,0,0
"1097",2.5,0,0,0
"1098",3,0,0,0
"1099",5,0,0,0
"1100",10,0,0,0
"1101",0.001,22,22,58
"1102",0.01,6,6,17
"1103",0.1,0,0,1
"1104",1,0,0,0
"1105",1.5,0,0,0
"1106",2,0,0,0
"1107",2.5,0,0,0
"1108",3,0,0,0
"1109",5,0,0,1
"1110",10,0,0,1
"1111",0.001,12,12,57
"1112",0.01,5,5,20
"1113",0.1,2,2,0
"1114",1,0,0,0
"1115",1.5,0,0,0
"1116",2,0,0,0
"1117",2.5,0,0,0
"1118",3,0,0,0
"1119",5,0,0,0
"1120",10,0,0,0
"1121",0.001,29,29,92
"1122",0.01,16,16,27
"1123",0.1,0,0,5
"1124",1,0,0,0
"1125",1.5,0,0,0
"1126",2,0,0,0
"1127",2.5,0,0,0
"1128",3,0,0,0
"1129",5,0,0,1
"1130",10,0,0,1
"1131",0.001,36,69,9
"1132",0.01,15,30,0
"1133",0.1,2,2,0
"1134",1,0,0,0
"1135",1.5,0,0,0
"1136",2,0,0,0
"1137",2.5,0,0,0
"1138",3,0,0,0
"1139",5,0,1,0
"1140",10,0,1,0
"1141",0.001,14,63,17
"1142",0.01,10,31,2
"1143",0.1,0,5,0
"1144",1,0,0,0
"1145",1.5,0,0,0
"1146",2,0,0,0
"1147",2.5,0,0,0
"1148",3,0,0,0
"1149",5,0,0,0
"1150",10,0,0,0
"1151",0.001,11,81,16
"1152",0.01,8,40,4
"1153",0.1,3,10,0
"1154",1,0,0,0
"1155",1.5,0,0,0
"1156",2,0,0,0
"1157",2.5,0,0,0
"1158",3,0,0,0
"1159",5,0,0,0
"1160",10,0,0,0
"1161",0.001,31,89,13
"1162",0.01,24,47,5
"1163",0.1,9,9,0
"1164",1,0,0,0
"1165",1.5,0,0,0
"1166",2,0,0,0
"1167",2.5,0,0,0
"1168",3,0,0,0
"1169",5,0,0,0
"1170",10,0,0,0
"1171",0.001,11,49,8
"1172",0.01,7,19,0
"1173",0.1,1,4,0
"1174",1,0,0,0
"1175",1.5,0,0,0
"1176",2,0,0,0
"1177",2.5,0,0,0
"1178",3,0,0,0
"1179",5,0,0,0
"1180",10,0,0,0
"1181",0.001,21,21,62
"1182",0.01,9,9,18
"1183",0.1,1,1,2
"1184",1,0,0,0
"1185",1.5,0,0,0
"1186",2,0,0,0
"1187",2.5,0,0,0
"1188",3,0,0,0
"1189",5,0,0,0
"1190",10,0,0,1
"1191",0.001,15,75,11
"1192",0.01,3,30,3
"1193",0.1,0,1,1
"1194",1,0,0,0
"1195",1.5,0,1,0
"1196",2,0,1,0
"1197",2.5,0,1,0
"1198",3,0,1,0
"1199",5,0,1,0
"1200",10,0,1,0
"1201",0.001,13,41,8
"1202",0.01,10,25,1
"1203",0.1,0,1,0
"1204",1,0,0,0
"1205",1.5,0,0,0
"1206",2,0,0,0
"1207",2.5,0,0,0
"1208",3,0,0,0
"1209",5,0,0,0
"1210",10,0,1,0
"1211",0.001,19,67,17
"1212",0.01,8,23,4
"1213",0.1,0,0,0
"1214",1,0,0,0
"1215",1.5,0,0,0
"1216",2,0,1,0
"1217",2.5,0,1,0
"1218",3,0,1,0
"1219",5,0,1,0
"1220",10,0,1,0
"1221",0.001,40,109,22
"1222",0.01,20,51,9
"1223",0.1,1,4,0
"1224",1,0,0,0
"1225",1.5,0,0,0
"1226",2,0,0,0
"1227",2.5,0,0,0
"1228",3,0,0,0
"1229",5,0,0,0
"1230",10,0,0,0
"1231",0.001,19,57,8
"1232",0.01,10,19,1
"1233",0.1,0,0,0
"1234",1,0,0,0
"1235",1.5,0,0,0
"1236",2,0,0,0
"1237",2.5,0,0,0
"1238",3,0,0,0
"1239",5,0,0,0
"1240",10,0,1,0
"1241",0.001,13,13,61
"1242",0.01,3,3,19
"1243",0.1,0,0,0
"1244",1,1,1,0
"1245",1.5,1,1,0
"1246",2,1,1,0
"1247",2.5,1,1,0
"1248",3,1,1,0
"1249",5,1,1,0
"1250",10,1,1,0
"1251",0.001,16,74,25
"1252",0.01,7,23,9
"1253",0.1,0,1,0
"1254",1,0,0,0
"1255",1.5,0,0,0
"1256",2,0,0,0
"1257",2.5,0,0,0
"1258",3,0,0,0
"1259",5,0,0,0
"1260",10,0,1,0
"1261",0.001,21,84,18
"1262",0.01,10,25,6
"1263",0.1,3,3,2
"1264",1,0,0,0
"1265",1.5,0,0,0
"1266",2,0,0,0
"1267",2.5,0,0,0
"1268",3,0,0,0
"1269",5,0,1,0
"1270",10,0,1,0
"1271",0.001,14,67,15
"1272",0.01,5,25,2
"1273",0.1,0,2,0
"1274",1,0,0,0
"1275",1.5,0,0,0
"1276",2,0,0,0
"1277",2.5,0,0,0
"1278",3,0,0,0
"1279",5,0,0,0
"1280",10,0,1,0
"1281",0.001,27,79,19
"1282",0.01,15,33,7
"1283",0.1,5,8,0
"1284",1,0,1,0
"1285",1.5,0,0,0
"1286",2,0,0,0
"1287",2.5,0,0,0
"1288",3,0,0,0
"1289",5,0,0,0
"1290",10,0,0,0
"1291",0.001,18,38,9
"1292",0.01,8,11,0
"1293",0.1,0,0,0
"1294",1,0,0,0
"1295",1.5,0,0,0
"1296",2,0,0,0
"1297",2.5,0,0,0
"1298",3,0,0,0
"1299",5,0,1,0
"1300",10,0,1,0
"1301",0.001,33,75,12
"1302",0.01,14,32,2
"1303",0.1,2,4,0
"1304",1,1,1,0
"1305",1.5,1,1,0
"1306",2,1,1,1
"1307",2.5,1,1,1
"1308",3,1,1,1
"1309",5,2,1,1
"1310",10,2,2,1
"1311",0.001,28,28,25
"1312",0.01,16,16,7
"1313",0.1,2,2,0
"1314",1,0,0,0
"1315",1.5,0,0,0
"1316",2,1,1,0
"1317",2.5,1,1,0
"1318",3,1,1,0
"1319",5,1,1,0
"1320",10,1,1,0
"1321",0.001,10,75,14
"1322",0.01,5,30,5
"1323",0.1,0,1,0
"1324",1,0,0,0
"1325",1.5,0,0,0
"1326",2,0,0,0
"1327",2.5,0,0,0
"1328",3,0,0,0
"1329",5,0,0,0
"1330",10,0,1,0
"1331",0.001,18,43,9
"1332",0.01,11,24,7
"1333",0.1,1,2,3
"1334",1,0,0,0
"1335",1.5,0,0,0
"1336",2,0,1,0
"1337",2.5,0,1,0
"1338",3,0,1,0
"1339",5,0,1,0
"1340",10,0,1,0
"1341",0.001,86,86,89
"1342",0.01,38,38,31
"1343",0.1,1,1,3
"1344",1,0,0,0
"1345",1.5,0,0,0
"1346",2,0,0,0
"1347",2.5,0,0,0
"1348",3,0,0,0
"1349",5,0,0,1
"1350",10,0,0,1
"1351",0.001,31,107,14
"1352",0.01,13,34,4
"1353",0.1,2,2,0
"1354",1,0,0,0
"1355",1.5,0,0,0
"1356",2,0,0,0
"1357",2.5,0,0,0
"1358",3,0,1,0
"1359",5,0,1,0
"1360",10,0,1,0
"1361",0.001,47,47,85
"1362",0.01,20,20,22
"1363",0.1,0,0,1
"1364",1,0,0,0
"1365",1.5,0,0,0
"1366",2,0,0,1
"1367",2.5,0,0,1
"1368",3,0,0,1
"1369",5,0,0,1
"1370",10,0,0,1
"1371",0.001,29,108,31
"1372",0.01,8,39,8
"1373",0.1,0,0,0
"1374",1,0,0,0
"1375",1.5,0,0,0
"1376",2,0,0,0
"1377",2.5,0,0,0
"1378",3,0,1,0
"1379",5,0,1,0
"1380",10,0,1,0
"1381",0.001,30,143,33
"1382",0.01,18,61,11
"1383",0.1,2,5,0
"1384",1,0,0,0
"1385",1.5,0,0,0
"1386",2,0,0,0
"1387",2.5,0,0,0
"1388",3,0,0,0
"1389",5,0,0,0
"1390",10,0,1,0
"1391",0.001,44,138,16
"1392",0.01,19,52,2
"1393",0.1,3,4,0
"1394",1,0,0,0
"1395",1.5,0,0,0
"1396",2,0,0,0
"1397",2.5,0,0,0
"1398",3,0,0,0
"1399",5,0,0,0
"1400",10,0,1,0
"1401",0.001,33,87,25
"1402",0.01,7,17,5
"1403",0.1,1,1,0
"1404",1,0,0,0
"1405",1.5,0,0,0
"1406",2,0,0,0
"1407",2.5,0,0,0
"1408",3,0,1,0
"1409",5,0,1,0
"1410",10,0,1,0
"1411",0.001,26,26,102
"1412",0.01,15,15,36
"1413",0.1,2,2,4
"1414",1,0,0,0
"1415",1.5,0,0,0
"1416",2,0,0,0
"1417",2.5,0,0,0
"1418",3,0,0,0
"1419",5,0,0,0
"1420",10,0,0,1
"1421",0.001,55,137,21
"1422",0.01,24,50,5
"1423",0.1,0,4,0
"1424",1,0,1,0
"1425",1.5,0,1,0
"1426",2,0,1,0
"1427",2.5,0,1,0
"1428",3,0,1,0
"1429",5,0,1,0
"1430",10,0,1,0
"1431",0.001,12,16,16
"1432",0.01,1,2,6
"1433",0.1,0,0,0
"1434",1,0,0,0
"1435",1.5,0,0,0
"1436",2,0,1,0
"1437",2.5,0,1,0
"1438",3,0,1,0
"1439",5,0,1,0
"1440",10,0,1,0
"1441",0.001,11,16,26
"1442",0.01,2,4,14
"1443",0.1,0,0,0
"1444",1,0,1,0
"1445",1.5,0,1,0
"1446",2,0,1,0
"1447",2.5,0,1,0
"1448",3,0,1,0
"1449",5,0,1,0
"1450",10,0,1,0
"1451",0.001,23,32,7
"1452",0.01,1,3,3
"1453",0.1,0,0,0
"1454",1,0,1,1
"1455",1.5,0,1,1
"1456",2,0,1,1
"1457",2.5,0,1,1
"1458",3,0,1,1
"1459",5,0,1,1
"1460",10,0,1,1
"1461",0.001,22,22,7
"1462",0.01,7,7,4
"1463",0.1,0,0,0
"1464",1,0,0,0
"1465",1.5,0,0,0
"1466",2,0,0,0
"1467",2.5,0,0,0
"1468",3,0,0,0
"1469",5,0,0,1
"1470",10,0,0,1
"1471",0.001,20,20,11
"1472",0.01,11,11,1
"1473",0.1,0,0,0
"1474",1,0,0,0
"1475",1.5,0,0,0
"1476",2,0,0,0
"1477",2.5,0,0,0
"1478",3,0,0,1
"1479",5,0,0,1
"1480",10,0,0,1
"1481",0.001,19,19,11
"1482",0.01,14,15,7
"1483",0.1,2,2,1
"1484",1,0,0,1
"1485",1.5,0,0,1
"1486",2,0,0,1
"1487",2.5,0,0,1
"1488",3,0,0,1
"1489",5,0,0,1
"1490",10,0,0,1
"1491",0.001,19,19,23
"1492",0.01,6,6,9
"1493",0.1,0,0,0
"1494",1,0,0,0
"1495",1.5,0,0,0
"1496",2,0,0,0
"1497",2.5,0,0,0
"1498",3,0,0,0
"1499",5,0,0,1
"1500",10,0,0,1
"1501",0.001,15,15,13
"1502",0.01,9,10,3
"1503",0.1,0,0,0
"1504",1,0,0,0
"1505",1.5,0,0,0
"1506",2,0,0,0
"1507",2.5,1,1,0
"1508",3,1,1,0
"1509",5,1,1,0
"1510",10,1,1,0
"1511",0.001,16,22,4
"1512",0.01,3,5,1
"1513",0.1,0,0,0
"1514",1,0,0,1
"1515",1.5,0,1,1
"1516",2,0,1,1
"1517",2.5,0,1,1
"1518",3,0,1,1
"1519",5,0,1,1
"1520",10,0,1,1
"1521",0.001,10,10,9
"1522",0.01,2,2,0
"1523",0.1,0,0,0
"1524",1,1,1,0
"1525",1.5,1,1,0
"1526",2,1,1,0
"1527",2.5,1,1,0
"1528",3,1,1,0
"1529",5,1,1,0
"1530",10,1,1,0
"1531",0.001,12,12,10
"1532",0.01,7,6,2
"1533",0.1,0,0,0
"1534",1,0,0,0
"1535",1.5,1,1,0
"1536",2,1,1,0
"1537",2.5,1,1,0
"1538",3,1,1,0
"1539",5,1,1,0
"1540",10,1,1,0
"1541",0.001,11,11,10
"1542",0.01,3,3,6
"1543",0.1,1,1,1
"1544",1,0,0,1
"1545",1.5,0,0,1
"1546",2,0,0,1
"1547",2.5,0,0,1
"1548",3,0,0,1
"1549",5,0,0,1
"1550",10,0,0,1
"1551",0.001,19,19,5
"1552",0.01,4,4,1
"1553",0.1,0,0,0
"1554",1,0,0,1
"1555",1.5,0,0,1
"1556",2,0,0,1
"1557",2.5,0,0,1
"1558",3,0,0,1
"1559",5,0,0,1
"1560",10,0,0,1
"1561",0.001,80,95,15
"1562",0.01,18,20,1
"1563",0.1,0,1,0
"1564",1,0,0,0
"1565",1.5,0,0,0
"1566",2,0,0,0
"1567",2.5,0,0,0
"1568",3,0,1,0
"1569",5,0,1,0
"1570",10,0,1,0
"1571",0.001,57,73,32
"1572",0.01,10,11,15
"1573",0.1,0,0,0
"1574",1,0,0,0
"1575",1.5,0,0,0
"1576",2,0,0,0
"1577",2.5,0,0,0
"1578",3,0,0,0
"1579",5,0,0,0
"1580",10,0,1,0
"1581",0.001,17,17,33
"1582",0.01,1,1,10
"1583",0.1,0,0,0
"1584",1,0,0,0
"1585",1.5,0,0,0
"1586",2,0,0,0
"1587",2.5,0,0,0
"1588",3,0,0,0
"1589",5,0,0,1
"1590",10,0,0,1
"1591",0.001,148,148,130
"1592",0.01,35,35,55
"1593",0.1,2,2,2
"1594",1,0,0,0
"1595",1.5,0,0,0
"1596",2,0,0,0
"1597",2.5,1,1,0
"1598",3,1,1,0
"1599",5,1,1,0
"1600",10,1,1,0
"1601",0.001,40,62,21
"1602",0.01,7,11,5
"1603",0.1,0,0,0
"1604",1,0,0,0
"1605",1.5,0,0,0
"1606",2,0,0,0
"1607",2.5,0,0,0
"1608",3,0,1,0
"1609",5,0,1,0
"1610",10,0,1,0
"1611",0.001,32,32,9
"1612",0.01,4,4,4
"1613",0.1,0,0,0
"1614",1,0,0,0
"1615",1.5,0,0,0
"1616",2,0,0,0
"1617",2.5,0,0,0
"1618",3,0,0,0
"1619",5,0,0,1
"1620",10,0,0,1
"1621",0.001,6,90,9
"1622",0.01,1,12,0
"1623",0.1,1,1,0
"1624",1,1,1,0
"1625",1.5,1,1,1
"1626",2,1,1,1
"1627",2.5,1,1,1
"1628",3,1,1,1
"1629",5,1,1,1
"1630",10,1,1,1
"1631",0.001,121,132,24
"1632",0.01,48,54,11
"1633",0.1,0,0,1
"1634",1,0,0,0
"1635",1.5,0,0,0
"1636",2,0,0,0
"1637",2.5,0,0,0
"1638",3,0,0,0
"1639",5,0,1,0
"1640",10,0,1,0
"1641",0.001,106,106,45
"1642",0.01,13,13,18
"1643",0.1,0,0,2
"1644",1,0,0,0
"1645",1.5,0,0,0
"1646",2,0,0,0
"1647",2.5,0,0,0
"1648",3,0,0,0
"1649",5,0,0,0
"1650",10,0,0,1
"1651",0.001,19,19,70
"1652",0.01,7,7,18
"1653",0.1,0,0,0
"1654",1,1,1,0
"1655",1.5,1,1,0
"1656",2,1,1,0
"1657",2.5,1,1,0
"1658",3,1,1,0
"1659",5,1,1,0
"1660",10,1,1,0
"1661",0.001,9,9,56
"1662",0.01,3,3,12
"1663",0.1,0,0,0
"1664",1,0,0,0
"1665",1.5,1,1,0
"1666",2,1,1,0
"1667",2.5,1,1,0
"1668",3,1,1,0
"1669",5,1,1,0
"1670",10,1,1,0
"1671",0.001,22,22,61
"1672",0.01,5,5,12
"1673",0.1,0,0,0
"1674",1,0,0,1
"1675",1.5,0,0,1
"1676",2,0,0,1
"1677",2.5,0,0,1
"1678",3,0,0,1
"1679",5,0,0,1
"1680",10,0,0,1
"1681",0.001,74,101,74
"1682",0.01,22,35,23
"1683",0.1,0,0,1
"1684",1,0,0,0
"1685",1.5,0,0,0
"1686",2,0,1,0
"1687",2.5,0,1,0
"1688",3,0,1,0
"1689",5,0,1,0
"1690",10,0,1,0
"1691",0.001,13,25,5
"1692",0.01,2,2,1
"1693",0.1,0,0,0
"1694",1,0,1,0
"1695",1.5,0,1,0
"1696",2,0,1,0
"1697",2.5,0,1,0
"1698",3,0,1,0
"1699",5,0,1,0
"1700",10,0,1,0
"1701",0.001,42,62,13
"1702",0.01,23,35,8
"1703",0.1,0,0,2
"1704",1,0,0,0
"1705",1.5,0,0,0
"1706",2,0,0,1
"1707",2.5,0,0,1
"1708",3,0,0,1
"1709",5,0,0,1
"1710",10,0,1,1
"1711",0.001,134,134,32
"1712",0.01,61,61,15
"1713",0.1,2,2,1
"1714",1,0,0,0
"1715",1.5,0,0,0
"1716",2,0,0,0
"1717",2.5,0,0,0
"1718",3,0,0,0
"1719",5,0,0,0
"1720",10,0,0,1
"1721",0.001,49,49,9
"1722",0.01,29,29,3
"1723",0.1,0,0,0
"1724",1,0,0,0
"1725",1.5,0,0,0
"1726",2,0,0,1
"1727",2.5,0,0,1
"1728",3,0,0,1
"1729",5,0,0,1
"1730",10,0,0,1
"1731",0.001,8,26,23
"1732",0.01,0,2,2
"1733",0.1,0,0,0
"1734",1,0,0,0
"1735",1.5,0,1,0
"1736",2,0,1,0
"1737",2.5,0,1,0
"1738",3,0,1,0
"1739",5,0,1,0
"1740",10,0,1,0
"1741",0.001,50,50,109
"1742",0.01,4,4,36
"1743",0.1,0,0,1
"1744",1,0,0,0
"1745",1.5,0,0,0
"1746",2,0,0,0
"1747",2.5,0,0,0
"1748",3,0,0,0
"1749",5,0,0,0
"1750",10,0,0,1
"1751",0.001,56,80,53
"1752",0.01,8,11,22
"1753",0.1,0,0,1
"1754",1,0,0,0
"1755",1.5,0,0,0
"1756",2,0,0,0
"1757",2.5,0,1,0
"1758",3,0,1,0
"1759",5,0,1,0
"1760",10,0,1,0
"1761",0.001,113,144,15
"1762",0.01,7,15,5
"1763",0.1,0,0,0
"1764",1,0,0,0
"1765",1.5,0,1,0
"1766",2,0,1,0
"1767",2.5,0,1,0
"1768",3,0,1,0
"1769",5,0,1,0
"1770",10,0,1,0
"1771",0.001,125,145,50
"1772",0.01,13,16,18
"1773",0.1,0,0,0
"1774",1,1,1,0
"1775",1.5,1,1,0
"1776",2,1,1,0
"1777",2.5,1,2,0
"1778",3,1,2,0
"1779",5,1,2,0
"1780",10,1,2,0
"1781",0.001,69,69,21
"1782",0.01,23,23,4
"1783",0.1,0,0,0
"1784",1,0,0,0
"1785",1.5,0,0,0
"1786",2,0,0,0
"1787",2.5,0,0,0
"1788",3,0,0,0
"1789",5,0,0,0
"1790",10,1,1,0
"1791",0.001,6,38,9
"1792",0.01,3,11,4
"1793",0.1,0,1,0
"1794",1,0,0,0
"1795",1.5,0,0,0
"1796",2,0,1,0
"1797",2.5,0,1,0
"1798",3,0,1,0
"1799",5,0,1,0
"1800",10,0,1,0
"1801",0.001,23,23,20
"1802",0.01,8,8,7
"1803",0.1,1,1,0
"1804",1,0,0,0
"1805",1.5,0,0,1
"1806",2,0,0,1
"1807",2.5,0,0,1
"1808",3,0,0,1
"1809",5,0,0,1
"1810",10,0,0,1
"1811",0.001,43,43,28
"1812",0.01,18,18,9
"1813",0.1,2,2,0
"1814",1,0,0,0
"1815",1.5,0,0,0
"1816",2,0,0,0
"1817",2.5,0,0,0
"1818",3,1,1,0
"1819",5,1,1,0
"1820",10,1,1,0
"1821",0.001,19,34,13
"1822",0.01,6,10,4
"1823",0.1,0,0,0
"1824",1,0,0,0
"1825",1.5,0,1,0
"1826",2,0,1,0
"1827",2.5,0,1,0
"1828",3,0,1,0
"1829",5,0,1,0
"1830",10,0,1,0
"1831",0.001,9,9,26
"1832",0.01,3,3,8
"1833",0.1,0,0,0
"1834",1,0,0,0
"1835",1.5,0,0,0
"1836",2,0,0,0
"1837",2.5,0,0,1
"1838",3,0,0,1
"1839",5,0,0,1
"1840",10,0,0,1
"1841",0.001,13,13,16
"1842",0.01,3,3,6
"1843",0.1,0,0,0
"1844",1,1,1,0
"1845",1.5,1,1,0
"1846",2,1,1,0
"1847",2.5,1,1,0
"1848",3,1,1,0
"1849",5,1,1,0
"1850",10,1,1,0
"1851",0.001,31,31,10
"1852",0.01,7,7,0
"1853",0.1,0,0,0
"1854",1,0,0,0
"1855",1.5,0,0,0
"1856",2,1,1,0
"1857",2.5,1,1,0
"1858",3,1,1,0
"1859",5,1,1,0
"1860",10,1,1,0
"1861",0.001,32,32,6
"1862",0.01,15,15,1
"1863",0.1,4,4,0
"1864",1,0,0,0
"1865",1.5,0,0,0
"1866",2,0,0,0
"1867",2.5,1,1,0
"1868",3,1,1,0
"1869",5,1,1,0
"1870",10,1,1,0
"1871",0.001,14,14,7
"1872",0.01,4,4,5
"1873",0.1,1,0,1
"1874",1,0,0,0
"1875",1.5,1,1,0
"1876",2,1,1,0
"1877",2.5,1,1,0
"1878",3,1,1,0
"1879",5,1,1,0
"1880",10,1,1,0
"1881",0.001,12,12,9
"1882",0.01,3,3,0
"1883",0.1,0,0,0
"1884",1,1,1,0
"1885",1.5,1,1,0
"1886",2,1,1,0
"1887",2.5,1,1,0
"1888",3,1,1,0
"1889",5,1,1,0
"1890",10,1,1,0
"1891",0.001,14,14,31
"1892",0.01,1,0,10
"1893",0.1,1,0,1
"1894",1,0,0,1
"1895",1.5,0,0,1
"1896",2,0,0,1
"1897",2.5,0,0,1
"1898",3,0,0,1
"1899",5,0,0,1
"1900",10,0,0,1
"1901",0.001,96,137,67
"1902",0.01,54,76,21
"1903",0.1,0,0,0
"1904",1,0,0,0
"1905",1.5,0,0,0
"1906",2,0,0,0
"1907",2.5,0,0,0
"1908",3,0,0,0
"1909",5,0,1,0
"1910",10,0,1,0
"1911",0.001,21,21,50
"1912",0.01,4,4,10
"1913",0.1,0,0,0
"1914",1,0,0,0
"1915",1.5,0,0,0
"1916",2,0,0,0
"1917",2.5,0,0,0
"1918",3,0,0,0
"1919",5,0,1,1
"1920",10,1,1,1
"1921",0.001,49,90,35
"1922",0.01,12,27,24
"1923",0.1,0,0,3
"1924",1,0,0,0
"1925",1.5,0,0,0
"1926",2,0,0,0
"1927",2.5,0,0,0
"1928",3,0,0,0
"1929",5,0,0,0
"1930",10,0,1,0
"1931",0.001,53,75,44
"1932",0.01,5,18,30
"1933",0.1,0,0,2
"1934",1,0,0,0
"1935",1.5,0,0,0
"1936",2,0,0,0
"1937",2.5,0,0,0
"1938",3,0,0,0
"1939",5,0,1,0
"1940",10,0,1,0
"1941",0.001,30,40,19
"1942",0.01,3,5,8
"1943",0.1,0,0,0
"1944",1,0,0,0
"1945",1.5,0,0,0
"1946",2,0,1,0
"1947",2.5,0,1,0
"1948",3,0,1,0
"1949",5,0,1,0
"1950",10,0,1,0
"1951",0.001,40,40,28
"1952",0.01,6,6,11
"1953",0.1,0,0,3
"1954",1,0,0,0
"1955",1.5,0,0,0
"1956",2,0,0,0
"1957",2.5,0,0,0
"1958",3,0,0,0
"1959",5,0,0,1
"1960",10,0,0,1
"1961",0.001,55,70,27
"1962",0.01,8,17,17
"1963",0.1,0,0,2
"1964",1,0,0,0
"1965",1.5,1,1,0
"1966",2,1,1,0
"1967",2.5,1,1,0
"1968",3,1,1,0
"1969",5,1,1,0
"1970",10,1,2,0
"1971",0.001,63,80,41
"1972",0.01,12,15,9
"1973",0.1,0,0,0
"1974",1,0,0,0
"1975",1.5,0,0,0
"1976",2,0,0,0
"1977",2.5,0,1,0
"1978",3,0,1,0
"1979",5,0,1,0
"1980",10,0,1,0
"1981",0.001,69,89,47
"1982",0.01,13,23,27
"1983",0.1,0,1,7
"1984",1,0,0,0
"1985",1.5,0,0,0
"1986",2,0,0,0
"1987",2.5,0,0,0
"1988",3,0,0,0
"1989",5,0,0,0
"1990",10,0,0,0
"1991",0.001,93,93,19
"1992",0.01,18,18,8
"1993",0.1,0,0,0
"1994",1,0,0,0
"1995",1.5,0,0,0
"1996",2,0,0,0
"1997",2.5,0,0,0
"1998",3,0,0,0
"1999",5,0,0,1
"2000",10,0,0,1
"2001",0.001,22,22,72
"2002",0.01,4,4,39
"2003",0.1,0,0,6
"2004",1,0,0,0
"2005",1.5,0,0,0
"2006",2,0,0,0
"2007",2.5,0,0,0
"2008",3,0,0,0
"2009",5,0,0,0
"2010",10,1,1,0
"2011",0.001,36,55,25
"2012",0.01,23,35,16
"2013",0.1,2,2,6
"2014",1,0,0,0
"2015",1.5,0,0,0
"2016",2,0,0,0
"2017",2.5,0,0,0
"2018",3,0,0,0
"2019",5,0,1,0
"2020",10,0,1,0
"2021",0.001,26,48,22
"2022",0.01,15,32,8
"2023",0.1,0,2,4
"2024",1,0,0,0
"2025",1.5,0,0,0
"2026",2,0,0,0
"2027",2.5,0,0,0
"2028",3,0,0,0
"2029",5,0,0,0
"2030",10,0,1,0
"2031",0.001,109,109,81
"2032",0.01,14,15,18
"2033",0.1,0,0,0
"2034",1,0,0,0
"2035",1.5,0,0,0
"2036",2,0,0,0
"2037",2.5,0,0,1
"2038",3,0,0,1
"2039",5,0,0,1
"2040",10,0,0,1
"2041",0.001,79,119,50
"2042",0.01,9,17,12
"2043",0.1,0,0,0
"2044",1,0,0,0
"2045",1.5,0,0,0
"2046",2,0,0,0
"2047",2.5,0,0,0
"2048",3,0,0,0
"2049",5,0,0,0
"2050",10,0,1,0
"2051",0.001,54,54,53
"2052",0.01,15,15,6
"2053",0.1,0,0,2
"2054",1,0,0,0
"2055",1.5,0,0,0
"2056",2,0,0,0
"2057",2.5,0,0,0
"2058",3,0,0,0
"2059",5,0,0,0
"2060",10,0,0,1
"2061",0.001,103,103,18
"2062",0.01,35,35,13
"2063",0.1,2,2,3
"2064",1,0,0,0
"2065",1.5,0,0,0
"2066",2,0,0,0
"2067",2.5,0,0,1
"2068",3,0,0,1
"2069",5,0,0,1
"2070",10,0,0,1
"2071",0.001,35,51,24
"2072",0.01,9,13,7
"2073",0.1,0,0,0
"2074",1,0,1,1
"2075",1.5,0,1,1
"2076",2,0,1,1
"2077",2.5,0,1,1
"2078",3,0,1,1
"2079",5,0,1,1
"2080",10,0,1,1
"2081",0.001,72,94,36
"2082",0.01,13,22,22
"2083",0.1,0,0,0
"2084",1,0,0,0
"2085",1.5,0,0,0
"2086",2,0,0,0
"2087",2.5,0,0,0
"2088",3,0,0,0
"2089",5,0,0,0
"2090",10,0,1,0
"2091",0.001,6,6,27
"2092",0.01,0,0,3
"2093",0.1,0,0,0
"2094",1,1,1,0
"2095",1.5,1,1,0
"2096",2,1,1,0
"2097",2.5,1,1,0
"2098",3,1,1,0
"2099",5,1,1,0
"2100",10,1,1,0
"2101",0.001,32,43,9
"2102",0.01,8,9,4
"2103",0.1,0,0,0
"2104",1,0,1,1
"2105",1.5,0,1,1
"2106",2,0,1,1
"2107",2.5,0,1,1
"2108",3,0,1,1
"2109",5,0,1,1
"2110",10,0,1,1
"2111",0.001,47,54,11
"2112",0.01,24,28,3
"2113",0.1,0,0,0
"2114",1,0,0,0
"2115",1.5,0,0,0
"2116",2,0,1,0
"2117",2.5,0,1,0
"2118",3,0,1,0
"2119",5,0,1,0
"2120",10,0,1,0
"2121",0.001,94,105,11
"2122",0.01,12,15,2
"2123",0.1,0,0,0
"2124",1,0,1,0
"2125",1.5,0,1,0
"2126",2,0,1,0
"2127",2.5,0,1,0
"2128",3,0,1,0
"2129",5,0,1,0
"2130",10,0,1,0
"2131",0.001,48,48,8
"2132",0.01,10,10,1
"2133",0.1,0,0,0
"2134",1,0,0,0
"2135",1.5,0,0,1
"2136",2,0,0,1
"2137",2.5,0,0,1
"2138",3,0,0,1
"2139",5,0,0,1
"2140",10,0,0,1
"2141",0.001,34,47,20
"2142",0.01,4,7,4
"2143",0.1,0,0,0
"2144",1,0,0,0
"2145",1.5,0,0,0
"2146",2,0,0,0
"2147",2.5,0,0,0
"2148",3,0,0,0
"2149",5,0,0,0
"2150",10,0,1,0
"2151",0.001,19,34,6
"2152",0.01,0,3,4
"2153",0.1,0,0,0
"2154",1,0,0,0
"2155",1.5,0,1,0
"2156",2,0,1,0
"2157",2.5,0,1,0
"2158",3,0,1,0
"2159",5,0,1,0
"2160",10,0,1,0
"2161",0.001,13,13,22
"2162",0.01,0,0,9
"2163",0.1,0,0,1
"2164",1,0,0,0
"2165",1.5,0,0,0
"2166",2,0,0,0
"2167",2.5,0,0,0
"2168",3,0,0,0
"2169",5,0,0,1
"2170",10,0,0,1
"2171",0.001,19,19,35
"2172",0.01,8,8,14
"2173",0.1,0,0,1
"2174",1,0,0,0
"2175",1.5,0,1,1
"2176",2,1,1,1
"2177",2.5,1,1,1
"2178",3,1,1,1
"2179",5,1,1,1
"2180",10,1,1,1
"2181",0.001,29,29,64
"2182",0.01,19,19,41
"2183",0.1,0,0,9
"2184",1,0,0,0
"2185",1.5,0,0,0
"2186",2,0,0,0
"2187",2.5,0,0,0
"2188",3,1,1,0
"2189",5,2,2,0
"2190",10,2,2,1
"2191",0.001,44,44,19
"2192",0.01,20,20,10
"2193",0.1,0,0,2
"2194",1,0,0,0
"2195",1.5,0,0,0
"2196",2,0,0,0
"2197",2.5,0,0,0
"2198",3,0,0,0
"2199",5,0,0,1
"2200",10,0,0,1
"2201",0.001,106,106,38
"2202",0.01,29,29,12
"2203",0.1,0,0,0
"2204",1,0,0,0
"2205",1.5,0,0,0
"2206",2,0,0,1
"2207",2.5,0,0,1
"2208",3,0,0,1
"2209",5,0,0,1
"2210",10,0,0,1
"2211",0.001,17,41,15
"2212",0.01,2,8,3
"2213",0.1,0,0,0
"2214",1,0,0,0
"2215",1.5,0,0,0
"2216",2,0,0,0
"2217",2.5,0,1,0
"2218",3,0,1,0
"2219",5,0,1,0
"2220",10,0,1,0
"2221",0.001,40,54,19
"2222",0.01,10,14,14
"2223",0.1,2,3,2
"2224",1,0,0,0
"2225",1.5,0,0,0
"2226",2,0,0,0
"2227",2.5,0,0,0
"2228",3,0,0,0
"2229",5,0,0,0
"2230",10,0,0,0
"2231",0.001,60,60,55
"2232",0.01,27,27,21
"2233",0.1,1,1,2
"2234",1,0,0,0
"2235",1.5,0,0,0
"2236",2,0,0,0
"2237",2.5,0,0,0
"2238",3,0,0,0
"2239",5,0,0,1
"2240",10,0,0,1
"2241",0.001,27,41,29
"2242",0.01,7,9,9
"2243",0.1,0,0,0
"2244",1,0,0,0
"2245",1.5,0,1,0
"2246",2,0,1,0
"2247",2.5,0,1,0
"2248",3,0,1,0
"2249",5,0,1,0
"2250",10,0,1,0
"2251",0.001,39,44,39
"2252",0.01,22,23,2
"2253",0.1,1,1,0
"2254",1,0,0,0
"2255",1.5,0,0,0
"2256",2,0,0,0
"2257",2.5,0,0,0
"2258",3,0,0,0
"2259",5,0,0,0
"2260",10,0,1,0
"2261",0.001,68,110,16
"2262",0.01,12,20,9
"2263",0.1,2,2,3
"2264",1,0,1,0
"2265",1.5,0,1,0
"2266",2,0,1,0
"2267",2.5,0,1,0
"2268",3,0,1,0
"2269",5,0,1,0
"2270",10,0,1,0
"2271",0.001,66,82,17
"2272",0.01,10,19,7
"2273",0.1,0,1,1
"2274",1,0,0,0
"2275",1.5,0,0,0
"2276",2,0,0,0
"2277",2.5,0,0,0
"2278",3,0,0,0
"2279",5,0,1,0
"2280",10,0,1,0
"2281",0.001,31,40,27
"2282",0.01,3,4,1
"2283",0.1,0,0,0
"2284",1,0,0,0
"2285",1.5,0,0,0
"2286",2,0,0,0
"2287",2.5,0,0,0
"2288",3,0,0,0
"2289",5,0,1,0
"2290",10,0,1,0
"2291",0.001,56,56,40
"2292",0.01,18,18,12
"2293",0.1,0,0,1
"2294",1,0,0,0
"2295",1.5,0,0,0
"2296",2,0,0,0
"2297",2.5,0,0,0
"2298",3,0,0,0
"2299",5,0,1,1
"2300",10,1,1,1
"2301",0.001,20,20,42
"2302",0.01,4,4,4
"2303",0.1,0,0,0
"2304",1,1,1,0
"2305",1.5,1,1,0
"2306",2,1,1,0
"2307",2.5,1,1,0
"2308",3,1,1,0
"2309",5,1,1,0
"2310",10,1,1,0
"2311",0.001,60,60,32
"2312",0.01,26,26,17
"2313",0.1,7,7,2
"2314",1,0,0,0
"2315",1.5,0,0,0
"2316",2,0,0,0
"2317",2.5,0,0,0
"2318",3,0,0,0
"2319",5,1,1,0
"2320",10,1,1,0
"2321",0.001,30,30,48
"2322",0.01,18,18,21
"2323",0.1,3,3,1
"2324",1,0,0,0
"2325",1.5,0,0,0
"2326",2,0,0,0
"2327",2.5,0,0,0
"2328",3,0,0,0
"2329",5,0,0,0
"2330",10,1,1,0
"2331",0.001,63,86,31
"2332",0.01,19,19,4
"2333",0.1,0,0,0
"2334",1,0,0,0
"2335",1.5,0,0,0
"2336",2,0,1,0
"2337",2.5,0,1,0
"2338",3,0,1,0
"2339",5,0,1,0
"2340",10,0,1,0
"2341",0.001,39,64,18
"2342",0.01,14,20,0
"2343",0.1,0,0,0
"2344",1,0,0,0
"2345",1.5,0,1,0
"2346",2,0,1,0
"2347",2.5,0,1,0
"2348",3,0,1,0
"2349",5,0,1,0
"2350",10,0,1,0
"2351",0.001,32,61,55
"2352",0.01,5,10,14
"2353",0.1,0,0,0
"2354",1,0,0,0
"2355",1.5,0,1,0
"2356",2,0,1,0
"2357",2.5,0,1,0
"2358",3,0,1,0
"2359",5,0,1,0
"2360",10,0,1,0
"2361",0.001,30,30,18
"2362",0.01,13,13,10
"2363",0.1,0,0,1
"2364",1,0,0,0
"2365",1.5,0,0,0
"2366",2,0,0,0
"2367",2.5,0,0,0
"2368",3,0,0,0
"2369",5,0,0,0
"2370",10,0,0,1
"2371",0.001,26,45,20
"2372",0.01,2,6,7
"2373",0.1,0,0,0
"2374",1,0,0,0
"2375",1.5,0,0,0
"2376",2,0,0,0
"2377",2.5,0,0,0
"2378",3,0,0,0
"2379",5,0,1,0
"2380",10,0,1,0
"2381",0.001,68,68,47
"2382",0.01,11,11,8
"2383",0.1,0,0,0
"2384",1,0,0,0
"2385",1.5,0,0,0
"2386",2,0,0,1
"2387",2.5,0,0,1
"2388",3,0,0,1
"2389",5,0,0,1
"2390",10,0,0,1
"2391",0.001,6,28,25
"2392",0.01,1,4,5
"2393",0.1,0,0,0
"2394",1,1,1,1
"2395",1.5,1,1,1
"2396",2,1,1,1
"2397",2.5,1,1,1
"2398",3,1,1,1
"2399",5,1,1,1
"2400",10,1,1,1
"2401",0.001,35,46,74
"2402",0.01,8,12,23
"2403",0.1,0,0,0
"2404",1,0,0,0
"2405",1.5,0,0,0
"2406",2,0,1,0
"2407",2.5,0,1,0
"2408",3,0,1,0
"2409",5,0,1,0
"2410",10,0,1,0
"2411",0.001,37,53,18
"2412",0.01,4,6,3
"2413",0.1,0,0,0
"2414",1,0,0,0
"2415",1.5,0,0,0
"2416",2,0,0,0
"2417",2.5,0,1,0
"2418",3,0,1,0
"2419",5,0,1,0
"2420",10,0,1,0
"2421",0.001,6,26,13
"2422",0.01,2,5,5
"2423",0.1,0,0,0
"2424",1,0,0,0
"2425",1.5,1,1,0
"2426",2,1,1,0
"2427",2.5,1,1,0
"2428",3,1,1,1
"2429",5,1,1,1
"2430",10,1,1,1
"2431",0.001,43,59,3
"2432",0.01,6,8,2
"2433",0.1,0,0,0
"2434",1,0,0,1
"2435",1.5,0,0,1
"2436",2,0,0,1
"2437",2.5,0,0,1
"2438",3,0,0,1
"2439",5,0,1,1
"2440",10,0,1,1
"2441",0.001,77,77,55
"2442",0.01,32,32,17
"2443",0.1,0,0,0
"2444",1,0,0,0
"2445",1.5,0,0,0
"2446",2,0,0,0
"2447",2.5,0,0,0
"2448",3,0,0,0
"2449",5,0,0,1
"2450",10,0,0,1
"2451",0.001,26,38,33
"2452",0.01,9,14,6
"2453",0.1,0,0,1
"2454",1,0,0,0
"2455",1.5,0,0,0
"2456",2,0,0,0
"2457",2.5,0,0,0
"2458",3,0,0,0
"2459",5,0,0,0
"2460",10,1,2,0
"2461",0.001,12,12,58
"2462",0.01,8,8,20
"2463",0.1,1,1,0
"2464",1,0,0,0
"2465",1.5,1,1,0
"2466",2,1,1,0
"2467",2.5,1,1,0
"2468",3,1,1,0
"2469",5,1,1,0
"2470",10,1,1,0
"2471",0.001,40,40,31
"2472",0.01,19,19,15
"2473",0.1,1,1,3
"2474",1,0,0,0
"2475",1.5,0,0,0
"2476",2,0,0,0
"2477",2.5,0,1,1
"2478",3,0,1,1
"2479",5,1,1,1
"2480",10,1,1,1
"2481",0.001,17,29,11
"2482",0.01,14,22,8
"2483",0.1,6,8,2
"2484",1,0,0,0
"2485",1.5,0,0,0
"2486",2,0,0,0
"2487",2.5,0,1,0
"2488",3,0,1,0
"2489",5,0,1,0
"2490",10,0,1,0
"2491",0.001,45,67,16
"2492",0.01,28,38,11
"2493",0.1,6,8,3
"2494",1,0,0,0
"2495",1.5,0,1,0
"2496",2,0,1,0
"2497",2.5,0,1,0
"2498",3,0,1,0
"2499",5,0,1,0
"2500",10,0,1,0
"2501",0.001,22,42,22
"2502",0.01,4,12,6
"2503",0.1,0,0,0
"2504",1,0,0,0
"2505",1.5,0,0,0
"2506",2,0,1,0
"2507",2.5,0,1,0
"2508",3,0,1,0
"2509",5,0,1,0
"2510",10,0,1,0
"2511",0.001,14,14,36
"2512",0.01,5,5,16
"2513",0.1,0,0,0
"2514",1,0,0,0
"2515",1.5,0,0,0
"2516",2,0,0,0
"2517",2.5,0,0,0
"2518",3,0,0,0
"2519",5,0,0,0
"2520",10,1,1,0
"2521",0.001,129,129,16
"2522",0.01,50,50,3
"2523",0.1,2,2,0
"2524",1,1,1,0
"2525",1.5,1,1,0
"2526",2,1,1,0
"2527",2.5,1,1,0
"2528",3,1,1,0
"2529",5,1,1,0
"2530",10,1,1,0
"2531",0.001,37,52,9
"2532",0.01,9,14,3
"2533",0.1,0,0,0
"2534",1,0,0,0
"2535",1.5,0,0,0
"2536",2,0,0,0
"2537",2.5,0,0,0
"2538",3,0,0,0
"2539",5,0,0,0
"2540",10,0,1,0
"2541",0.001,17,17,77
"2542",0.01,7,7,27
"2543",0.1,1,1,2
"2544",1,0,0,0
"2545",1.5,0,0,0
"2546",2,0,0,0
"2547",2.5,1,1,0
"2548",3,1,1,0
"2549",5,1,1,0
"2550",10,1,1,0
"2551",0.001,7,32,31
"2552",0.01,5,12,10
"2553",0.1,0,0,0
"2554",1,1,1,0
"2555",1.5,1,1,0
"2556",2,1,2,0
"2557",2.5,1,2,0
"2558",3,1,2,0
"2559",5,1,2,0
"2560",10,1,2,0
"2561",0.001,31,49,24
"2562",0.01,18,25,3
"2563",0.1,2,2,0
"2564",1,0,0,0
"2565",1.5,0,0,0
"2566",2,0,0,0
"2567",2.5,0,0,0
"2568",3,0,0,0
"2569",5,0,0,0
"2570",10,0,1,0
"2571",0.001,16,16,10
"2572",0.01,4,3,2
"2573",0.1,0,0,0
"2574",1,0,0,0
"2575",1.5,0,0,0
"2576",2,0,0,1
"2577",2.5,0,0,1
"2578",3,0,0,1
"2579",5,0,0,1
"2580",10,0,0,1
"2581",0.001,10,17,59
"2582",0.01,7,8,15
"2583",0.1,1,1,0
"2584",1,0,1,0
"2585",1.5,0,1,0
"2586",2,0,1,0
"2587",2.5,0,1,0
"2588",3,0,1,0
"2589",5,0,1,0
"2590",10,0,1,0
"2591",0.001,20,40,21
"2592",0.01,13,18,6
"2593",0.1,0,0,0
"2594",1,0,0,0
"2595",1.5,0,0,0
"2596",2,0,1,0
"2597",2.5,0,1,0
"2598",3,0,1,0
"2599",5,0,1,0
"2600",10,0,1,0
"2601",0.001,29,45,15
"2602",0.01,11,15,1
"2603",0.1,1,1,0
"2604",1,0,1,0
"2605",1.5,0,1,0
"2606",2,0,1,0
"2607",2.5,0,1,0
"2608",3,0,1,0
"2609",5,0,1,0
"2610",10,0,1,0
"2611",0.001,20,34,27
"2612",0.01,9,23,15
"2613",0.1,1,7,2
"2614",1,0,0,0
"2615",1.5,0,0,0
"2616",2,0,0,0
"2617",2.5,0,0,0
"2618",3,0,0,0
"2619",5,0,0,0
"2620",10,0,0,0
"2621",0.001,23,36,16
"2622",0.01,14,19,0
"2623",0.1,0,1,0
"2624",1,0,0,0
"2625",1.5,0,0,0
"2626",2,0,0,0
"2627",2.5,0,0,0
"2628",3,0,0,0
"2629",5,0,0,0
"2630",10,0,1,0
"2631",0.001,26,35,17
"2632",0.01,21,26,12
"2633",0.1,10,11,2
"2634",1,0,0,0
"2635",1.5,0,0,0
"2636",2,0,0,0
"2637",2.5,0,1,0
"2638",3,0,1,0
"2639",5,0,1,0
"2640",10,0,1,0
"2641",0.001,22,39,19
"2642",0.01,11,15,7
"2643",0.1,1,1,0
"2644",1,0,0,0
"2645",1.5,0,0,0
"2646",2,0,0,0
"2647",2.5,0,0,0
"2648",3,0,0,0
"2649",5,0,1,0
"2650",10,0,1,0
"2651",0.001,30,51,15
"2652",0.01,21,35,10
"2653",0.1,0,1,3
"2654",1,0,0,0
"2655",1.5,0,0,0
"2656",2,0,0,0
"2657",2.5,0,0,0
"2658",3,0,0,0
"2659",5,0,0,0
"2660",10,0,0,0
"2661",0.001,20,56,22
"2662",0.01,6,17,2
"2663",0.1,0,0,0
"2664",1,0,0,0
"2665",1.5,0,0,0
"2666",2,0,1,0
"2667",2.5,0,1,0
"2668",3,0,1,0
"2669",5,0,1,0
"2670",10,0,1,0
"2671",0.001,18,28,23
"2672",0.01,6,8,10
"2673",0.1,0,0,0
"2674",1,0,0,0
"2675",1.5,0,1,0
"2676",2,0,1,0
"2677",2.5,0,1,0
"2678",3,0,1,0
"2679",5,0,1,0
"2680",10,0,1,0
"2681",0.001,29,29,28
"2682",0.01,6,6,14
"2683",0.1,0,0,0
"2684",1,0,0,1
"2685",1.5,1,0,1
"2686",2,1,0,1
"2687",2.5,1,1,1
"2688",3,1,1,1
"2689",5,1,1,1
"2690",10,1,1,1
"2691",0.001,47,47,37
"2692",0.01,15,15,15
"2693",0.1,1,1,0
"2694",1,0,0,0
"2695",1.5,0,0,0
"2696",2,0,0,0
"2697",2.5,0,0,0
"2698",3,0,0,0
"2699",5,0,0,1
"2700",10,0,0,1
"2701",0.001,45,45,113
"2702",0.01,6,6,19
"2703",0.1,0,0,0
"2704",1,0,0,0
"2705",1.5,0,0,0
"2706",2,0,0,1
"2707",2.5,0,0,1
"2708",3,0,0,1
"2709",5,0,0,1
"2710",10,0,0,1
"2711",0.001,23,23,21
"2712",0.01,0,0,5
"2713",0.1,0,0,1
"2714",1,0,0,0
"2715",1.5,0,0,1
"2716",2,0,0,1
"2717",2.5,0,0,1
"2718",3,0,0,1
"2719",5,0,0,1
"2720",10,0,0,1
"2721",0.001,17,21,40
"2722",0.01,7,7,16
"2723",0.1,0,0,2
"2724",1,0,0,0
"2725",1.5,0,1,0
"2726",2,0,1,0
"2727",2.5,0,1,0
"2728",3,0,1,0
"2729",5,0,1,0
"2730",10,0,1,0
"2731",0.001,28,28,12
"2732",0.01,15,15,9
"2733",0.1,0,0,0
"2734",1,0,0,0
"2735",1.5,0,0,0
"2736",2,0,0,0
"2737",2.5,1,1,0
"2738",3,1,1,0
"2739",5,0,0,0
"2740",10,1,1,0
"2741",0.001,13,13,36
"2742",0.01,1,1,12
"2743",0.1,0,0,0
"2744",1,0,0,0
"2745",1.5,1,1,0
"2746",2,1,1,0
"2747",2.5,1,1,0
"2748",3,1,1,0
"2749",5,1,1,0
"2750",10,1,1,0
"2751",0.001,39,39,67
"2752",0.01,5,5,13
"2753",0.1,0,0,0
"2754",1,0,0,0
"2755",1.5,0,0,0
"2756",2,0,0,0
"2757",2.5,1,1,0
"2758",3,1,1,0
"2759",5,1,1,0
"2760",10,1,1,0
"2761",0.001,26,55,45
"2762",0.01,3,9,11
"2763",0.1,0,0,0
"2764",1,1,2,0
"2765",1.5,1,2,0
"2766",2,1,2,0
"2767",2.5,1,2,0
"2768",3,1,2,0
"2769",5,1,2,0
"2770",10,1,2,0
"2771",0.001,38,38,19
"2772",0.01,18,17,9
"2773",0.1,1,1,2
"2774",1,0,0,0
"2775",1.5,0,0,0
"2776",2,0,0,0
"2777",2.5,0,0,0
"2778",3,0,0,0
"2779",5,0,0,1
"2780",10,0,0,1
"2781",0.001,77,77,21
"2782",0.01,16,16,6
"2783",0.1,0,0,0
"2784",1,0,0,0
"2785",1.5,0,0,1
"2786",2,0,0,1
"2787",2.5,0,0,1
"2788",3,0,0,1
"2789",5,0,0,1
"2790",10,0,0,1
"2791",0.001,34,34,45
"2792",0.01,17,17,7
"2793",0.1,0,0,0
"2794",1,0,0,0
"2795",1.5,0,0,0
"2796",2,0,0,0
"2797",2.5,0,0,0
"2798",3,0,0,0
"2799",5,1,1,0
"2800",10,1,1,0
"2801",0.001,27,27,28
"2802",0.01,15,15,17
"2803",0.1,2,2,5
"2804",1,1,1,0
"2805",1.5,1,1,0
"2806",2,1,1,0
"2807",2.5,1,1,0
"2808",3,1,1,0
"2809",5,1,1,0
"2810",10,1,1,0
"2811",0.001,50,69,22
"2812",0.01,14,22,11
"2813",0.1,0,0,1
"2814",1,0,0,0
"2815",1.5,0,0,0
"2816",2,0,0,0
"2817",2.5,0,2,0
"2818",3,0,2,0
"2819",5,1,2,0
"2820",10,1,2,0
"2821",0.001,11,34,34
"2822",0.01,8,22,24
"2823",0.1,0,3,3
"2824",1,0,0,0
"2825",1.5,0,0,0
"2826",2,0,0,0
"2827",2.5,0,0,0
"2828",3,0,0,0
"2829",5,0,1,0
"2830",10,0,1,0
"2831",0.001,54,54,22
"2832",0.01,9,9,8
"2833",0.1,0,0,1
"2834",1,0,0,0
"2835",1.5,0,0,0
"2836",2,0,0,0
"2837",2.5,0,0,0
"2838",3,0,0,1
"2839",5,0,0,1
"2840",10,0,0,1
"2841",0.001,13,28,15
"2842",0.01,0,6,9
"2843",0.1,0,1,0
"2844",1,0,0,0
"2845",1.5,0,1,1
"2846",2,0,1,1
"2847",2.5,0,1,1
"2848",3,0,1,1
"2849",5,0,1,1
"2850",10,0,1,1
"2851",0.001,1283,1283,16
"2852",0.01,760,760,8
"2853",0.1,117,117,0
"2854",1,33,33,0
"2855",1.5,16,16,0
"2856",2,10,10,0
"2857",2.5,4,4,0
"2858",3,2,2,0
"2859",5,0,0,0
"2860",10,0,0,0
"2861",0.001,181,181,52
"2862",0.01,139,139,35
"2863",0.1,71,71,15
"2864",1,23,23,2
"2865",1.5,8,8,1
"2866",2,6,6,1
"2867",2.5,6,6,0
"2868",3,5,5,0
"2869",5,1,1,0
"2870",10,0,0,0
"2871",0.001,180,186,2
"2872",0.01,131,135,1
"2873",0.1,63,64,1
"2874",1,19,19,0
"2875",1.5,5,5,0
"2876",2,3,3,0
"2877",2.5,1,1,0
"2878",3,1,1,0
"2879",5,1,1,0
"2880",10,0,0,0
"2881",0.001,241,313,46
"2882",0.01,189,248,37
"2883",0.1,90,120,16
"2884",1,6,6,0
"2885",1.5,4,4,0
"2886",2,4,4,0
"2887",2.5,4,4,0
"2888",3,2,2,0
"2889",5,0,0,0
"2890",10,0,0,0
"2891",0.001,15,18,4
"2892",0.01,14,17,4
"2893",0.1,9,11,3
"2894",1,2,2,2
"2895",1.5,2,2,0
"2896",2,2,2,0
"2897",2.5,2,2,0
"2898",3,2,2,0
"2899",5,2,2,0
"2900",10,2,2,1
"2901",0.001,187,187,172
"2902",0.01,168,168,141
"2903",0.1,83,83,52
"2904",1,9,9,0
"2905",1.5,6,6,0
"2906",2,4,4,0
"2907",2.5,3,3,0
"2908",3,3,3,0
"2909",5,1,1,0
"2910",10,0,0,0
"2911",0.001,41,69,481
"2912",0.01,34,55,389
"2913",0.1,13,18,188
"2914",1,0,0,4
"2915",1.5,0,0,2
"2916",2,0,0,2
"2917",2.5,0,0,2
"2918",3,0,0,2
"2919",5,0,0,0
"2920",10,0,0,0
"2921",0.001,65,110,387
"2922",0.01,55,83,322
"2923",0.1,23,33,141
"2924",1,0,0,5
"2925",1.5,0,0,3
"2926",2,0,0,1
"2927",2.5,0,0,1
"2928",3,0,0,1
"2929",5,0,0,1
"2930",10,0,0,1
"2931",0.001,2924,2934,1552
"2932",0.01,2254,2261,1208
"2933",0.1,781,785,434
"2934",1,21,23,35
"2935",1.5,8,8,19
"2936",2,8,8,11
"2937",2.5,7,7,5
"2938",3,6,6,3
"2939",5,6,6,3
"2940",10,3,3,1
"2941",0.001,4246,4254,21
"2942",0.01,3258,3266,16
"2943",0.1,1125,1130,6
"2944",1,27,29,0
"2945",1.5,13,13,0
"2946",2,7,7,0
"2947",2.5,6,6,0
"2948",3,6,6,0
"2949",5,3,3,0
"2950",10,0,0,0
"2951",0.001,2729,2734,12397
"2952",0.01,2106,2110,9459
"2953",0.1,646,646,3149
"2954",1,21,21,81
"2955",1.5,7,7,55
"2956",2,4,4,33
"2957",2.5,2,2,24
"2958",3,2,2,21
"2959",5,1,1,11
"2960",10,1,1,5
"2961",0.001,32,52,1139
"2962",0.01,25,39,942
"2963",0.1,13,23,477
"2964",1,4,4,14
"2965",1.5,2,2,5
"2966",2,0,0,0
"2967",2.5,0,0,0
"2968",3,0,0,0
"2969",5,0,0,0
"2970",10,0,0,0
"2971",0.001,1025,1031,14
"2972",0.01,841,845,11
"2973",0.1,399,402,7
"2974",1,2,2,1
"2975",1.5,2,2,0
"2976",2,1,1,0
"2977",2.5,0,0,0
"2978",3,0,0,0
"2979",5,0,0,0
"2980",10,0,0,0
"2981",0.001,24,61,1686
"2982",0.01,21,51,1401
"2983",0.1,10,28,659
"2984",1,0,1,10
"2985",1.5,0,1,0
"2986",2,0,1,0
"2987",2.5,0,1,0
"2988",3,0,0,0
"2989",5,0,0,0
"2990",10,0,0,0
"2991",0.001,1330,1354,22
"2992",0.01,1083,1103,20
"2993",0.1,499,508,16
"2994",1,2,6,4
"2995",1.5,0,0,3
"2996",2,0,0,0
"2997",2.5,0,0,0
"2998",3,0,0,0
"2999",5,1,1,0
"3000",10,1,1,0
"3001",0.001,11987,11989,7
"3002",0.01,9862,9864,6
"3003",0.1,4541,4542,5
"3004",1,44,44,2
"3005",1.5,13,13,1
"3006",2,8,8,1
"3007",2.5,6,6,1
"3008",3,6,6,0
"3009",5,6,6,0
"3010",10,6,6,0
"3011",0.001,35986,35986,2427
"3012",0.01,29877,29877,2034
"3013",0.1,14008,14008,1033
"3014",1,227,227,33
"3015",1.5,86,86,14
"3016",2,41,41,8
"3017",2.5,28,28,4
"3018",3,22,22,4
"3019",5,7,7,2
"3020",10,2,2,0
"3021",0.001,32826,32856,25427
"3022",0.01,27024,27048,20868
"3023",0.1,12480,12489,9318
"3024",1,112,112,89
"3025",1.5,36,36,26
"3026",2,22,23,17
"3027",2.5,15,14,8
"3028",3,12,11,6
"3029",5,2,2,2
"3030",10,0,0,0
"3031",0.001,1246,1269,56
"3032",0.01,992,1011,49
"3033",0.1,452,464,28
"3034",1,6,6,8
"3035",1.5,2,2,5
"3036",2,2,2,4
"3037",2.5,0,0,2
"3038",3,0,0,0
"3039",5,0,0,0
"3040",10,0,0,0
"3041",0.001,22563,22564,16
"3042",0.01,18518,18519,12
"3043",0.1,8491,8492,7
"3044",1,109,109,0
"3045",1.5,35,35,0
"3046",2,26,26,0
"3047",2.5,14,14,0
"3048",3,6,6,0
"3049",5,2,2,0
"3050",10,0,0,0
"3051",0.001,84,110,93899
"3052",0.01,75,99,78931
"3053",0.1,44,61,39578
"3054",1,7,9,655
"3055",1.5,7,9,155
"3056",2,3,8,84
"3057",2.5,3,5,68
"3058",3,2,5,44
"3059",5,1,1,14
"3060",10,0,0,5
"3061",0.001,29013,29013,72
"3062",0.01,24385,24385,63
"3063",0.1,12472,12472,31
"3064",1,235,235,7
"3065",1.5,58,58,2
"3066",2,25,25,1
"3067",2.5,20,20,0
"3068",3,18,18,0
"3069",5,5,5,0
"3070",10,3,3,0
"3071",0.001,39,41,31506
"3072",0.01,34,36,26568
"3073",0.1,16,16,13352
"3074",1,7,7,207
"3075",1.5,2,2,51
"3076",2,1,1,33
"3077",2.5,1,1,23
"3078",3,1,1,18
"3079",5,1,1,7
"3080",10,0,0,1
"3081",0.001,89876,89928,16
"3082",0.01,75492,75540,14
"3083",0.1,38456,38482,8
"3084",1,688,693,2
"3085",1.5,175,179,2
"3086",2,94,96,1
"3087",2.5,57,57,1
"3088",3,46,46,1
"3089",5,15,15,0
"3090",10,3,3,0
"3091",0.001,10441,10441,49287
"3092",0.01,8743,8743,41371
"3093",0.1,4354,4354,20709
"3094",1,94,94,381
"3095",1.5,30,30,118
"3096",2,18,18,63
"3097",2.5,8,8,38
"3098",3,8,8,28
"3099",5,6,6,7
"3100",10,4,4,2
"3101",0.001,32,52,56056
"3102",0.01,26,43,47178
"3103",0.1,21,31,23747
"3104",1,4,5,449
"3105",1.5,4,4,110
"3106",2,4,4,58
"3107",2.5,3,3,32
"3108",3,1,1,22
"3109",5,0,0,7
"3110",10,0,0,1
"3111",0.001,32276,32294,9
"3112",0.01,27205,27219,9
"3113",0.1,13568,13577,8
"3114",1,242,243,3
"3115",1.5,61,61,0
"3116",2,37,37,0
"3117",2.5,30,30,0
"3118",3,23,23,0
"3119",5,9,9,0
"3120",10,0,0,0
"3121",0.001,21169,21169,5920
"3122",0.01,17483,17483,4888
"3123",0.1,8082,8082,2301
"3124",1,92,92,30
"3125",1.5,27,27,17
"3126",2,19,19,9
"3127",2.5,15,15,7
"3128",3,11,11,5
"3129",5,4,4,3
"3130",10,0,0,0
"3131",0.001,42,42,12840
"3132",0.01,37,37,10454
"3133",0.1,21,21,4805
"3134",1,2,2,49
"3135",1.5,2,2,9
"3136",2,2,2,3
"3137",2.5,0,0,2
"3138",3,0,0,2
"3139",5,0,0,0
"3140",10,0,0,0
"3141",0.001,5320,5320,6758
"3142",0.01,4407,4407,5532
"3143",0.1,1984,1984,2514
"3144",1,34,34,32
"3145",1.5,6,6,6
"3146",2,2,2,4
"3147",2.5,2,2,4
"3148",3,2,2,4
"3149",5,2,2,0
"3150",10,0,0,0
"3151",0.001,1806,4001,2243
"3152",0.01,1526,3365,1855
"3153",0.1,723,1679,921
"3154",1,59,142,61
"3155",1.5,47,104,42
"3156",2,26,64,24
"3157",2.5,16,49,19
"3158",3,11,34,20
"3159",5,4,16,8
"3160",10,0,3,2
"3161",0.001,28,143,835
"3162",0.01,25,125,709
"3163",0.1,19,72,373
"3164",1,7,22,36
"3165",1.5,4,11,31
"3166",2,4,10,26
"3167",2.5,3,4,16
"3168",3,2,2,14
"3169",5,0,0,3
"3170",10,0,0,3
"3171",0.001,59287,59397,17
"3172",0.01,49662,49758,14
"3173",0.1,25027,25075,6
"3174",1,1899,1905,1
"3175",1.5,1126,1128,1
"3176",2,753,755,0
"3177",2.5,549,551,0
"3178",3,411,413,0
"3179",5,174,173,0
"3180",10,51,51,0
"3181",0.001,23155,23155,6189
"3182",0.01,19512,19512,5178
"3183",0.1,10014,10014,2708
"3184",1,695,695,218
"3185",1.5,366,366,114
"3186",2,236,236,77
"3187",2.5,171,171,55
"3188",3,135,135,43
"3189",5,51,51,18
"3190",10,13,13,8
"3191",0.001,20,42,37773
"3192",0.01,17,36,31629
"3193",0.1,7,20,15751
"3194",1,2,5,1163
"3195",1.5,1,1,700
"3196",2,1,1,451
"3197",2.5,0,0,349
"3198",3,0,0,258
"3199",5,0,0,105
"3200",10,0,0,19
"3201",0.001,25,65,25582
"3202",0.01,23,57,21478
"3203",0.1,11,33,10749
"3204",1,2,7,745
"3205",1.5,2,6,417
"3206",2,0,2,265
"3207",2.5,0,2,213
"3208",3,0,2,169
"3209",5,0,0,75
"3210",10,0,0,26
"3211",0.001,23,38,80201
"3212",0.01,23,36,67176
"3213",0.1,16,25,33544
"3214",1,4,7,2464
"3215",1.5,2,5,1503
"3216",2,1,2,1088
"3217",2.5,1,2,772
"3218",3,1,2,588
"3219",5,0,0,250
"3220",10,0,0,76
"3221",0.001,61,61,33
"3222",0.01,38,38,25
"3223",0.1,10,10,6
"3224",1,0,0,1
"3225",1.5,0,0,2
"3226",2,0,0,2
"3227",2.5,0,0,2
"3228",3,0,0,2
"3229",5,1,1,1
"3230",10,1,1,1
"3231",0.001,76,76,50
"3232",0.01,60,60,37
"3233",0.1,12,12,9
"3234",1,0,0,2
"3235",1.5,0,0,2
"3236",2,0,0,3
"3237",2.5,0,0,3
"3238",3,0,0,1
"3239",5,0,0,1
"3240",10,2,2,1
"3241",0.001,1117,1128,57
"3242",0.01,828,836,45
"3243",0.1,193,194,14
"3244",1,2,2,1
"3245",1.5,0,0,1
"3246",2,0,0,1
"3247",2.5,0,0,0
"3248",3,0,0,0
"3249",5,0,2,0
"3250",10,1,2,0
"3251",0.001,58,69,14
"3252",0.01,46,53,10
"3253",0.1,16,18,5
"3254",1,3,3,0
"3255",1.5,1,1,0
"3256",2,1,1,0
"3257",2.5,1,2,1
"3258",3,1,2,1
"3259",5,1,2,1
"3260",10,0,1,1
"3261",0.001,3,3,179
"3262",0.01,2,2,144
"3263",0.1,0,0,41
"3264",1,0,0,4
"3265",1.5,2,2,2
"3266",2,2,2,2
"3267",2.5,2,2,2
"3268",3,2,2,2
"3269",5,2,2,2
"3270",10,2,2,2
"3271",0.001,780,785,6
"3272",0.01,580,583,4
"3273",0.1,141,142,2
"3274",1,2,3,1
"3275",1.5,1,2,1
"3276",2,1,2,1
"3277",2.5,1,2,1
"3278",3,1,2,1
"3279",5,0,1,1
"3280",10,0,1,1
"3281",0.001,39,55,240
"3282",0.01,30,43,178
"3283",0.1,7,10,78
"3284",1,1,2,1
"3285",1.5,1,1,1
"3286",2,2,4,1
"3287",2.5,2,4,1
"3288",3,2,4,1
"3289",5,3,4,1
"3290",10,3,4,0
"3291",0.001,361,361,253
"3292",0.01,281,281,202
"3293",0.1,106,106,81
"3294",1,7,7,1
"3295",1.5,3,3,0
"3296",2,3,3,0
"3297",2.5,1,1,0
"3298",3,1,1,0
"3299",5,1,1,0
"3300",10,0,0,0
"3301",0.001,1162,1162,593
"3302",0.01,861,861,452
"3303",0.1,208,208,110
"3304",1,6,6,0
"3305",1.5,2,2,0
"3306",2,2,2,0
"3307",2.5,2,2,0
"3308",3,2,2,0
"3309",5,2,2,0
"3310",10,0,0,0
"3311",0.001,6,9,3
"3312",0.01,4,7,1
"3313",0.1,1,2,0
"3314",1,0,2,0
"3315",1.5,0,2,0
"3316",2,0,2,1
"3317",2.5,0,2,1
"3318",3,0,3,1
"3319",5,0,3,1
"3320",10,1,1,1
"3321",0.001,3,5,174
"3322",0.01,2,4,122
"3323",0.1,0,1,48
"3324",1,0,0,4
"3325",1.5,0,2,3
"3326",2,0,2,1
"3327",2.5,1,2,1
"3328",3,1,2,1
"3329",5,1,2,1
"3330",10,1,2,0
"3331",0.001,169,175,9
"3332",0.01,114,119,5
"3333",0.1,29,30,0
"3334",1,1,1,0
"3335",1.5,1,1,0
"3336",2,1,1,0
"3337",2.5,1,1,0
"3338",3,1,1,0
"3339",5,0,1,1
"3340",10,0,1,1
"3341",0.001,676,679,33
"3342",0.01,470,472,24
"3343",0.1,101,101,7
"3344",1,6,7,1
"3345",1.5,0,1,1
"3346",2,0,1,1
"3347",2.5,0,1,1
"3348",3,0,1,1
"3349",5,0,1,1
"3350",10,0,1,1
"3351",0.001,168,170,2
"3352",0.01,120,122,2
"3353",0.1,28,30,0
"3354",1,3,4,1
"3355",1.5,0,1,1
"3356",2,0,1,1
"3357",2.5,0,1,1
"3358",3,0,1,1
"3359",5,0,1,1
"3360",10,0,1,1
"3361",0.001,301,309,10
"3362",0.01,217,222,7
"3363",0.1,47,48,3
"3364",1,2,2,0
"3365",1.5,2,2,0
"3366",2,2,2,0
"3367",2.5,2,2,0
"3368",3,2,2,0
"3369",5,0,1,1
"3370",10,0,1,1
"3371",0.001,23,26,1
"3372",0.01,16,18,0
"3373",0.1,5,6,0
"3374",1,2,2,0
"3375",1.5,2,2,0
"3376",2,0,1,1
"3377",2.5,0,1,1
"3378",3,0,1,1
"3379",5,0,1,1
"3380",10,0,1,1
"3381",0.001,114,114,71
"3382",0.01,78,78,48
"3383",0.1,9,9,6
"3384",1,1,1,1
"3385",1.5,0,0,1
"3386",2,0,0,1
"3387",2.5,0,0,1
"3388",3,0,0,1
"3389",5,0,0,1
"3390",10,0,0,1
"3391",0.001,35,39,10
"3392",0.01,28,31,7
"3393",0.1,8,9,1
"3394",1,2,2,0
"3395",1.5,3,4,1
"3396",2,1,2,3
"3397",2.5,1,2,3
"3398",3,1,3,3
"3399",5,2,3,3
"3400",10,2,3,3
"3401",0.001,176,483,43
"3402",0.01,144,386,36
"3403",0.1,59,139,12
"3404",1,1,3,1
"3405",1.5,1,3,0
"3406",2,0,2,0
"3407",2.5,0,2,0
"3408",3,0,2,0
"3409",5,0,2,0
"3410",10,1,1,0
"3411",0.001,31,36,6
"3412",0.01,24,29,5
"3413",0.1,2,3,1
"3414",1,4,4,0
"3415",1.5,2,2,0
"3416",2,2,2,0
"3417",2.5,2,2,0
"3418",3,2,2,0
"3419",5,2,3,1
"3420",10,2,3,1
"3421",0.001,34,37,3
"3422",0.01,21,23,2
"3423",0.1,6,6,1
"3424",1,1,1,0
"3425",1.5,1,1,0
"3426",2,1,1,0
"3427",2.5,1,2,1
"3428",3,1,2,1
"3429",5,1,1,1
"3430",10,0,1,1
"3431",0.001,5,14,2191
"3432",0.01,3,9,1398
"3433",0.1,1,4,130
"3434",1,0,2,1
"3435",1.5,0,2,1
"3436",2,1,2,0
"3437",2.5,1,2,0
"3438",3,1,2,0
"3439",5,1,2,0
"3440",10,1,2,0
"3441",0.001,24,47,487
"3442",0.01,15,32,302
"3443",0.1,0,0,28
"3444",1,0,0,0
"3445",1.5,0,2,0
"3446",2,1,2,0
"3447",2.5,1,2,0
"3448",3,1,2,0
"3449",5,1,2,0
"3450",10,1,2,0
"3451",0.001,1059,1068,11
"3452",0.01,650,657,7
"3453",0.1,57,58,0
"3454",1,2,3,1
"3455",1.5,0,1,1
"3456",2,0,1,1
"3457",2.5,0,1,1
"3458",3,0,1,1
"3459",5,0,1,1
"3460",10,0,1,1
"3461",0.001,244,270,13
"3462",0.01,152,171,6
"3463",0.1,7,11,1
"3464",1,2,2,0
"3465",1.5,0,0,0
"3466",2,0,0,0
"3467",2.5,0,0,0
"3468",3,0,0,0
"3469",5,0,1,1
"3470",10,0,1,1
"3471",0.001,858,858,721
"3472",0.01,527,527,455
"3473",0.1,26,26,38
"3474",1,2,2,2
"3475",1.5,0,0,2
"3476",2,0,0,0
"3477",2.5,0,1,1
"3478",3,0,1,1
"3479",5,1,1,1
"3480",10,1,1,1
"3481",0.001,364,411,18
"3482",0.01,214,246,14
"3483",0.1,22,22,2
"3484",1,2,3,1
"3485",1.5,0,1,1
"3486",2,0,1,1
"3487",2.5,0,1,1
"3488",3,0,1,1
"3489",5,0,1,1
"3490",10,0,1,1
"3491",0.001,721,850,70
"3492",0.01,485,584,49
"3493",0.1,81,101,6
"3494",1,2,2,1
"3495",1.5,2,2,1
"3496",2,0,0,1
"3497",2.5,0,0,0
"3498",3,0,0,0
"3499",5,0,0,0
"3500",10,0,0,0
"3501",0.001,279,279,372
"3502",0.01,206,206,246
"3503",0.1,35,35,41
"3504",1,0,0,3
"3505",1.5,0,0,2
"3506",2,0,0,2
"3507",2.5,0,0,0
"3508",3,1,1,0
"3509",5,1,1,1
"3510",10,1,1,1
"3511",0.001,53,53,56
"3512",0.01,34,34,37
"3513",0.1,1,1,7
"3514",1,0,0,2
"3515",1.5,0,0,0
"3516",2,0,0,0
"3517",2.5,0,0,0
"3518",3,0,0,0
"3519",5,0,0,0
"3520",10,0,0,0
"3521",0.001,5,13,98
"3522",0.01,4,9,60
"3523",0.1,0,2,2
"3524",1,0,0,0
"3525",1.5,0,0,0
"3526",2,0,0,0
"3527",2.5,0,0,0
"3528",3,0,2,0
"3529",5,1,2,0
"3530",10,1,2,0
"3531",0.001,65,65,60
"3532",0.01,50,50,41
"3533",0.1,12,12,16
"3534",1,0,0,3
"3535",1.5,0,0,2
"3536",2,2,2,2
"3537",2.5,2,2,2
"3538",3,2,2,2
"3539",5,2,2,4
"3540",10,2,2,2
"3541",0.001,272,275,6
"3542",0.01,214,214,6
"3543",0.1,57,57,1
"3544",1,4,4,0
"3545",1.5,2,2,0
"3546",2,2,3,1
"3547",2.5,2,3,1
"3548",3,0,1,1
"3549",5,0,1,1
"3550",10,2,3,1
"3551",0.001,169,169,47
"3552",0.01,136,136,37
"3553",0.1,56,56,18
"3554",1,7,7,2
"3555",1.5,1,1,2
"3556",2,1,1,0
"3557",2.5,1,1,0
"3558",3,1,1,0
"3559",5,1,1,0
"3560",10,0,0,0
"3561",0.001,880,996,71
"3562",0.01,661,753,57
"3563",0.1,183,212,13
"3564",1,4,5,0
"3565",1.5,4,5,0
"3566",2,4,5,0
"3567",2.5,5,6,0
"3568",3,6,7,0
"3569",5,4,4,0
"3570",10,2,2,0
"3571",0.001,871,927,68
"3572",0.01,656,701,56
"3573",0.1,171,187,15
"3574",1,6,6,1
"3575",1.5,4,4,0
"3576",2,4,4,0
"3577",2.5,2,2,0
"3578",3,2,2,0
"3579",5,2,2,0
"3580",10,2,2,0
"3581",0.001,293,332,288
"3582",0.01,219,248,205
"3583",0.1,63,65,58
"3584",1,4,4,1
"3585",1.5,3,3,1
"3586",2,2,2,1
"3587",2.5,2,2,0
"3588",3,2,2,0
"3589",5,1,1,0
"3590",10,0,0,0
"3591",0.001,7,7,757
"3592",0.01,6,6,518
"3593",0.1,0,0,74
"3594",1,0,0,2
"3595",1.5,0,0,2
"3596",2,2,2,2
"3597",2.5,2,2,2
"3598",3,2,2,2
"3599",5,2,2,0
"3600",10,2,2,0
"3601",0.001,79,79,41
"3602",0.01,53,53,27
"3603",0.1,14,14,8
"3604",1,0,0,1
"3605",1.5,0,0,3
"3606",2,2,2,3
"3607",2.5,2,2,3
"3608",3,2,2,2
"3609",5,2,2,2
"3610",10,2,2,2
"3611",0.001,48,75,317
"3612",0.01,26,48,203
"3613",0.1,8,22,43
"3614",1,0,2,2
"3615",1.5,2,4,0
"3616",2,2,4,0
"3617",2.5,2,2,0
"3618",3,2,2,0
"3619",5,4,4,0
"3620",10,4,4,2
"3621",0.001,496,501,12
"3622",0.01,300,301,7
"3623",0.1,38,39,1
"3624",1,3,3,0
"3625",1.5,0,0,0
"3626",2,0,0,0
"3627",2.5,0,0,0
"3628",3,0,0,0
"3629",5,0,1,1
"3630",10,0,1,1
"3631",0.001,29,70,1197
"3632",0.01,21,49,719
"3633",0.1,3,12,104
"3634",1,0,0,1
"3635",1.5,0,0,1
"3636",2,0,0,1
"3637",2.5,0,0,1
"3638",3,0,0,1
"3639",5,0,0,0
"3640",10,0,0,0
"3641",0.001,620,654,39
"3642",0.01,378,396,26
"3643",0.1,58,58,0
"3644",1,4,4,0
"3645",1.5,2,2,0
"3646",2,0,0,0
"3647",2.5,0,0,0
"3648",3,0,0,0
"3649",5,0,0,0
"3650",10,0,1,1
"3651",0.001,90,105,88
"3652",0.01,54,66,58
"3653",0.1,3,5,12
"3654",1,2,4,2
"3655",1.5,2,4,0
"3656",2,0,0,0
"3657",2.5,0,0,0
"3658",3,2,2,0
"3659",5,2,2,0
"3660",10,4,4,0
"3661",0.001,555,555,54
"3662",0.01,383,383,36
"3663",0.1,68,68,4
"3664",1,8,8,0
"3665",1.5,3,3,0
"3666",2,1,1,2
"3667",2.5,1,1,2
"3668",3,1,1,2
"3669",5,1,1,2
"3670",10,1,1,2
"3671",0.001,184,194,13
"3672",0.01,135,142,9
"3673",0.1,43,44,6
"3674",1,2,2,0
"3675",1.5,2,2,0
"3676",2,2,2,0
"3677",2.5,1,1,0
"3678",3,1,1,0
"3679",5,0,1,1
"3680",10,0,1,1
"3681",0.001,340,640,418
"3682",0.01,274,506,345
"3683",0.1,121,209,131
"3684",1,4,8,5
"3685",1.5,3,3,1
"3686",2,3,3,1
"3687",2.5,1,3,0
"3688",3,1,3,0
"3689",5,1,2,0
"3690",10,0,0,0
"3691",0.001,8,17,349
"3692",0.01,7,13,264
"3693",0.1,3,4,70
"3694",1,1,1,1
"3695",1.5,1,1,1
"3696",2,1,1,1
"3697",2.5,1,1,1
"3698",3,0,0,1
"3699",5,0,2,1
"3700",10,1,2,0
"3701",0.001,568,568,119
"3702",0.01,456,456,95
"3703",0.1,139,139,34
"3704",1,5,5,2
"3705",1.5,2,2,1
"3706",2,2,2,0
"3707",2.5,2,2,0
"3708",3,2,2,1
"3709",5,1,2,1
"3710",10,1,1,2
"3711",0.001,5,12,1175
"3712",0.01,4,10,915
"3713",0.1,0,2,269
"3714",1,0,0,3
"3715",1.5,0,0,3
"3716",2,0,0,2
"3717",2.5,1,1,1
"3718",3,1,1,1
"3719",5,1,1,1
"3720",10,1,1,0
"3721",0.001,2035,2039,7
"3722",0.01,1527,1530,6
"3723",0.1,410,411,2
"3724",1,5,6,1
"3725",1.5,1,3,1
"3726",2,1,2,1
"3727",2.5,1,2,1
"3728",3,1,1,1
"3729",5,0,1,1
"3730",10,0,1,1
"3731",0.001,20,41,58
"3732",0.01,17,35,45
"3733",0.1,5,14,17
"3734",1,0,2,2
"3735",1.5,1,2,2
"3736",2,1,2,0
"3737",2.5,1,2,0
"3738",3,1,2,0
"3739",5,1,2,0
"3740",10,1,2,0
"3741",0.001,238,243,5
"3742",0.01,173,178,3
"3743",0.1,47,51,3
"3744",1,1,2,1
"3745",1.5,1,2,1
"3746",2,1,2,1
"3747",2.5,1,2,1
"3748",3,1,2,1
"3749",5,0,1,1
"3750",10,0,1,1
"3751",0.001,92,92,124
"3752",0.01,75,75,100
"3753",0.1,38,38,42
"3754",1,1,1,3
"3755",1.5,1,1,0
"3756",2,1,1,0
"3757",2.5,1,1,0
"3758",3,1,1,0
"3759",5,1,1,0
"3760",10,0,0,0
"3761",0.001,18,31,295
"3762",0.01,17,27,222
"3763",0.1,9,14,69
"3764",1,2,2,3
"3765",1.5,0,0,3
"3766",2,0,0,1
"3767",2.5,0,0,1
"3768",3,0,0,1
"3769",5,0,0,1
"3770",10,2,2,0
"3771",0.001,1,2,1820
"3772",0.01,0,1,1370
"3773",0.1,0,1,377
"3774",1,0,0,6
"3775",1.5,0,0,4
"3776",2,0,2,2
"3777",2.5,0,2,2
"3778",3,0,2,2
"3779",5,1,2,0
"3780",10,1,2,0
"3781",0.001,29,31,3
"3782",0.01,28,29,2
"3783",0.1,7,7,0
"3784",1,2,3,1
"3785",1.5,4,5,1
"3786",2,2,3,1
"3787",2.5,2,3,1
"3788",3,2,3,1
"3789",5,2,3,1
"3790",10,2,3,1
"3791",0.001,55,59,9
"3792",0.01,42,44,6
"3793",0.1,12,13,0
"3794",1,2,3,1
"3795",1.5,6,7,3
"3796",2,4,5,3
"3797",2.5,4,5,3
"3798",3,4,5,3
"3799",5,4,5,3
"3800",10,4,5,3
"3801",0.001,6,12,993
"3802",0.01,5,9,742
"3803",0.1,2,2,180
"3804",1,2,2,6
"3805",1.5,2,4,3
"3806",2,2,4,3
"3807",2.5,3,4,3
"3808",3,3,4,3
"3809",5,3,4,3
"3810",10,3,4,3
"3811",0.001,213,230,10
"3812",0.01,166,179,5
"3813",0.1,54,60,1
"3814",1,2,2,0
"3815",1.5,2,2,0
"3816",2,2,2,0
"3817",2.5,0,0,0
"3818",3,0,0,0
"3819",5,0,1,1
"3820",10,0,1,1
"3821",0.001,36,36,169
"3822",0.01,30,30,128
"3823",0.1,7,7,39
"3824",1,2,3,2
"3825",1.5,2,2,1
"3826",2,2,2,1
"3827",2.5,2,2,1
"3828",3,2,2,1
"3829",5,2,3,2
"3830",10,1,1,1
"3831",0.001,207,435,88
"3832",0.01,146,318,69
"3833",0.1,29,70,17
"3834",1,0,0,2
"3835",1.5,0,0,2
"3836",2,0,0,2
"3837",2.5,0,0,0
"3838",3,0,0,0
"3839",5,0,0,0
"3840",10,0,0,0
"3841",0.001,116,125,32
"3842",0.01,93,99,23
"3843",0.1,34,36,5
"3844",1,1,1,2
"3845",1.5,0,2,0
"3846",2,0,2,0
"3847",2.5,1,2,0
"3848",3,1,2,0
"3849",5,1,2,0
"3850",10,1,2,0
"3851",0.001,13,16,3
"3852",0.01,11,12,2
"3853",0.1,2,2,0
"3854",1,0,1,1
"3855",1.5,0,1,1
"3856",2,0,1,1
"3857",2.5,0,1,1
"3858",3,0,1,1
"3859",5,0,1,1
"3860",10,0,1,1
"3861",0.001,32,36,3
"3862",0.01,19,22,2
"3863",0.1,3,4,1
"3864",1,2,3,1
"3865",1.5,0,1,1
"3866",2,0,1,1
"3867",2.5,0,1,1
"3868",3,0,1,1
"3869",5,0,1,1
"3870",10,0,1,1
"3871",0.001,102,146,63
"3872",0.01,82,119,52
"3873",0.1,23,41,22
"3874",1,1,3,0
"3875",1.5,1,1,0
"3876",2,1,1,0
"3877",2.5,0,0,0
"3878",3,0,0,0
"3879",5,0,0,0
"3880",10,0,0,0
"3881",0.001,132,139,11
"3882",0.01,82,87,7
"3883",0.1,14,15,1
"3884",1,2,2,0
"3885",1.5,2,2,0
"3886",2,2,2,0
"3887",2.5,0,1,1
"3888",3,0,1,1
"3889",5,0,1,1
"3890",10,2,3,1
"3891",0.001,30,36,23
"3892",0.01,22,26,18
"3893",0.1,8,9,7
"3894",1,2,2,0
"3895",1.5,2,2,0
"3896",2,2,3,1
"3897",2.5,4,5,3
"3898",3,2,3,3
"3899",5,2,3,3
"3900",10,2,3,3
"3901",0.001,72,75,6
"3902",0.01,49,50,4
"3903",0.1,7,8,0
"3904",1,2,3,1
"3905",1.5,4,5,1
"3906",2,2,3,1
"3907",2.5,2,3,1
"3908",3,2,3,1
"3909",5,2,3,1
"3910",10,2,3,1
"3911",0.001,56,59,3
"3912",0.01,33,35,2
"3913",0.1,5,5,0
"3914",1,2,2,0
"3915",1.5,2,2,0
"3916",2,2,3,1
"3917",2.5,2,3,1
"3918",3,2,3,1
"3919",5,2,3,1
"3920",10,2,3,1
"3921",0.001,6,14,473
"3922",0.01,3,10,338
"3923",0.1,0,0,65
"3924",1,1,2,2
"3925",1.5,1,2,2
"3926",2,1,2,1
"3927",2.5,1,2,0
"3928",3,1,2,0
"3929",5,1,2,0
"3930",10,1,2,0
"3931",0.001,58,58,260
"3932",0.01,40,40,207
"3933",0.1,8,8,66
"3934",1,2,2,2
"3935",1.5,0,1,2
"3936",2,0,1,2
"3937",2.5,1,1,2
"3938",3,1,1,2
"3939",5,1,1,1
"3940",10,1,1,1
"3941",0.001,13,13,393
"3942",0.01,7,7,255
"3943",0.1,1,1,67
"3944",1,2,2,4
"3945",1.5,2,2,4
"3946",2,2,2,2
"3947",2.5,2,2,2
"3948",3,2,2,2
"3949",5,2,2,0
"3950",10,2,2,0
"3951",0.001,48,48,12
"3952",0.01,34,33,6
"3953",0.1,4,3,3
"3954",1,2,2,2
"3955",1.5,2,3,2
"3956",2,2,3,3
"3957",2.5,2,3,3
"3958",3,2,3,3
"3959",5,0,1,1
"3960",10,1,1,1
"3961",0.001,13,18,8
"3962",0.01,9,12,6
"3963",0.1,3,4,0
"3964",1,0,1,1
"3965",1.5,0,1,1
"3966",2,0,1,1
"3967",2.5,0,1,1
"3968",3,0,1,1
"3969",5,0,1,1
"3970",10,0,1,1
"3971",0.001,309,309,36
"3972",0.01,223,223,26
"3973",0.1,35,35,7
"3974",1,1,1,0
"3975",1.5,1,1,0
"3976",2,1,1,0
"3977",2.5,1,1,0
"3978",3,1,1,0
"3979",5,0,0,0
"3980",10,0,0,2
"3981",0.001,667,1273,254
"3982",0.01,464,899,193
"3983",0.1,105,207,42
"3984",1,0,5,1
"3985",1.5,0,2,1
"3986",2,0,2,0
"3987",2.5,0,2,0
"3988",3,0,2,0
"3989",5,0,2,0
"3990",10,0,0,0
"3991",0.001,54,54,60
"3992",0.01,43,43,41
"3993",0.1,6,6,8
"3994",1,2,2,0
"3995",1.5,2,2,0
"3996",2,2,2,0
"3997",2.5,2,2,0
"3998",3,2,2,0
"3999",5,2,2,0
"4000",10,2,2,0
"4001",0.001,260,266,7
"4002",0.01,194,199,4
"4003",0.1,34,36,0
"4004",1,2,2,0
"4005",1.5,2,3,1
"4006",2,0,1,1
"4007",2.5,0,1,1
"4008",3,0,1,1
"4009",5,0,1,1
"4010",10,0,1,1
"4011",0.001,1165,1165,202
"4012",0.01,829,829,156
"4013",0.1,138,138,37
"4014",1,2,2,0
"4015",1.5,2,2,2
"4016",2,2,2,2
"4017",2.5,2,2,2
"4018",3,2,2,2
"4019",5,2,2,2
"4020",10,2,2,2
"4021",0.001,13,32,772
"4022",0.01,10,25,557
"4023",0.1,2,7,107
"4024",1,0,0,0
"4025",1.5,0,2,0
"4026",2,1,2,0
"4027",2.5,1,2,0
"4028",3,1,2,0
"4029",5,1,2,0
"4030",10,1,2,0
"4031",0.001,255,255,144
"4032",0.01,185,185,100
"4033",0.1,45,45,24
"4034",1,2,2,1
"4035",1.5,2,2,1
"4036",2,2,2,1
"4037",2.5,2,2,2
"4038",3,2,2,2
"4039",5,2,2,3
"4040",10,2,2,6
"4041",0.001,781,781,237
"4042",0.01,557,557,162
"4043",0.1,93,93,41
"4044",1,3,3,1
"4045",1.5,2,2,0
"4046",2,2,2,0
"4047",2.5,2,2,0
"4048",3,2,2,0
"4049",5,2,2,0
"4050",10,0,0,2
"4051",0.001,14,17,3
"4052",0.01,7,10,2
"4053",0.1,0,0,1
"4054",1,0,0,0
"4055",1.5,0,1,1
"4056",2,0,1,1
"4057",2.5,0,1,1
"4058",3,0,1,1
"4059",5,0,1,1
"4060",10,0,1,1
"4061",0.001,1804,1804,9072
"4062",0.01,1458,1458,7219
"4063",0.1,572,572,2932
"4064",1,3,3,33
"4065",1.5,3,3,20
"4066",2,1,1,12
"4067",2.5,0,0,12
"4068",3,0,0,7
"4069",5,0,0,2
"4070",10,0,0,2
"4071",0.001,1822,1822,123
"4072",0.01,1478,1478,99
"4073",0.1,599,599,41
"4074",1,11,11,2
"4075",1.5,5,5,0
"4076",2,2,2,0
"4077",2.5,2,2,0
"4078",3,2,2,0
"4079",5,2,2,0
"4080",10,2,2,0
"4081",0.001,37,48,3238
"4082",0.01,32,42,2600
"4083",0.1,20,27,1026
"4084",1,6,6,8
"4085",1.5,4,4,0
"4086",2,4,4,0
"4087",2.5,0,0,0
"4088",3,0,0,0
"4089",5,0,0,0
"4090",10,0,0,0
"4091",0.001,241,249,2520
"4092",0.01,191,199,1985
"4093",0.1,64,67,773
"4094",1,4,4,1
"4095",1.5,1,1,1
"4096",2,1,1,1
"4097",2.5,0,0,1
"4098",3,0,0,0
"4099",5,0,0,0
"4100",10,0,0,0
"4101",0.001,19,41,680
"4102",0.01,16,36,559
"4103",0.1,13,24,274
"4104",1,1,2,4
"4105",1.5,1,1,2
"4106",2,0,1,2
"4107",2.5,0,1,0
"4108",3,0,1,0
"4109",5,0,0,0
"4110",10,0,0,0
"4111",0.001,17136,17147,18
"4112",0.01,13766,13776,17
"4113",0.1,5637,5642,11
"4114",1,82,82,2
"4115",1.5,23,23,1
"4116",2,19,19,1
"4117",2.5,6,6,1
"4118",3,5,5,1
"4119",5,4,4,0
"4120",10,1,1,0
"4121",0.001,26,40,72400
"4122",0.01,24,34,57631
"4123",0.1,14,22,23169
"4124",1,1,1,419
"4125",1.5,1,1,163
"4126",2,0,0,75
"4127",2.5,0,0,48
"4128",3,0,0,38
"4129",5,0,0,12
"4130",10,0,0,5
"4131",0.001,16503,16503,48589
"4132",0.01,13174,13174,38615
"4133",0.1,5183,5183,15309
"4134",1,88,88,245
"4135",1.5,37,37,90
"4136",2,18,18,52
"4137",2.5,13,13,26
"4138",3,9,9,17
"4139",5,0,0,9
"4140",10,0,0,1
"4141",0.001,65,86,6881
"4142",0.01,58,75,5742
"4143",0.1,41,52,2789
"4144",1,8,8,56
"4145",1.5,2,2,15
"4146",2,0,0,4
"4147",2.5,0,0,4
"4148",3,0,0,2
"4149",5,0,0,1
"4150",10,0,0,0
"4151",0.001,15,24,1333
"4152",0.01,13,20,1112
"4153",0.1,9,12,566
"4154",1,1,1,9
"4155",1.5,1,1,4
"4156",2,1,1,2
"4157",2.5,0,0,0
"4158",3,0,0,0
"4159",5,0,0,0
"4160",10,0,0,0
"4161",0.001,41,129,5421
"4162",0.01,34,112,4567
"4163",0.1,11,50,2244
"4164",1,0,2,40
"4165",1.5,0,2,8
"4166",2,0,2,0
"4167",2.5,0,0,0
"4168",3,0,0,0
"4169",5,0,0,0
"4170",10,0,0,0
"4171",0.001,24,68,62257
"4172",0.01,18,55,52103
"4173",0.1,7,29,25268
"4174",1,1,9,462
"4175",1.5,0,2,98
"4176",2,0,2,48
"4177",2.5,0,2,24
"4178",3,0,1,9
"4179",5,0,0,4
"4180",10,0,0,2
"4181",0.001,18,28,4294
"4182",0.01,16,24,3585
"4183",0.1,11,18,1722
"4184",1,2,2,25
"4185",1.5,0,0,7
"4186",2,0,0,2
"4187",2.5,0,0,2
"4188",3,0,0,0
"4189",5,0,0,0
"4190",10,0,0,0
"4191",0.001,24,45,23702
"4192",0.01,21,41,19751
"4193",0.1,13,27,9626
"4194",1,3,6,160
"4195",1.5,1,2,43
"4196",2,0,2,9
"4197",2.5,0,0,7
"4198",3,0,0,0
"4199",5,0,0,0
"4200",10,0,0,0
"4201",0.001,6893,6902,7
"4202",0.01,5749,5758,6
"4203",0.1,2790,2796,4
"4204",1,55,56,0
"4205",1.5,9,9,0
"4206",2,4,4,0
"4207",2.5,0,0,0
"4208",3,0,0,0
"4209",5,0,0,0
"4210",10,0,0,0
"4211",0.001,20641,20641,1466
"4212",0.01,16207,16207,1165
"4213",0.1,5924,5924,455
"4214",1,55,55,10
"4215",1.5,18,18,4
"4216",2,10,10,0
"4217",2.5,8,8,0
"4218",3,4,4,0
"4219",5,2,2,0
"4220",10,1,1,0
"4221",0.001,530,999,489
"4222",0.01,412,776,383
"4223",0.1,166,277,155
"4224",1,1,1,4
"4225",1.5,1,1,3
"4226",2,1,1,1
"4227",2.5,0,0,0
"4228",3,0,0,0
"4229",5,0,0,0
"4230",10,0,0,0
"4231",0.001,11174,11194,50
"4232",0.01,8701,8718,49
"4233",0.1,3087,3095,25
"4234",1,5,6,7
"4235",1.5,2,2,6
"4236",2,2,2,4
"4237",2.5,2,2,1
"4238",3,2,2,1
"4239",5,2,2,0
"4240",10,0,0,0
"4241",0.001,12,34,6609
"4242",0.01,11,31,5169
"4243",0.1,4,14,1981
"4244",1,2,5,23
"4245",1.5,1,1,8
"4246",2,1,1,0
"4247",2.5,1,1,0
"4248",3,1,1,0
"4249",5,1,1,0
"4250",10,0,0,0
"4251",0.001,8224,8240,3
"4252",0.01,6421,6434,3
"4253",0.1,2232,2242,1
"4254",1,18,18,0
"4255",1.5,9,9,0
"4256",2,5,5,0
"4257",2.5,3,3,0
"4258",3,3,3,0
"4259",5,2,2,0
"4260",10,0,0,0
"4261",0.001,37,9279,23110
"4262",0.01,32,7300,17939
"4263",0.1,17,2643,6359
"4264",1,1,27,37
"4265",1.5,1,17,21
"4266",2,0,14,14
"4267",2.5,0,12,10
"4268",3,0,12,8
"4269",5,0,4,4
"4270",10,0,2,1
"4271",0.001,10975,10975,1118
"4272",0.01,8477,8477,888
"4273",0.1,3174,3174,331
"4274",1,23,23,2
"4275",1.5,12,12,0
"4276",2,8,8,0
"4277",2.5,5,5,0
"4278",3,4,4,0
"4279",5,2,2,0
"4280",10,0,0,0
"4281",0.001,38088,38117,10
"4282",0.01,31528,31553,10
"4283",0.1,14910,14925,6
"4284",1,321,322,0
"4285",1.5,162,163,0
"4286",2,119,119,0
"4287",2.5,101,101,0
"4288",3,96,96,0
"4289",5,57,57,0
"4290",10,3,3,0
"4291",0.001,32,32,2999
"4292",0.01,26,26,2496
"4293",0.1,18,18,1196
"4294",1,4,4,20
"4295",1.5,2,2,9
"4296",2,2,2,7
"4297",2.5,0,0,7
"4298",3,0,0,5
"4299",5,0,0,5
"4300",10,0,0,0
"4301",0.001,48057,48091,16
"4302",0.01,39727,39755,13
"4303",0.1,18656,18672,8
"4304",1,362,364,1
"4305",1.5,170,170,1
"4306",2,144,144,1
"4307",2.5,130,130,1
"4308",3,127,127,0
"4309",5,76,76,0
"4310",10,2,2,0
"4311",0.001,162,176,18526
"4312",0.01,140,149,15168
"4313",0.1,78,84,6651
"4314",1,12,12,97
"4315",1.5,8,8,29
"4316",2,5,5,21
"4317",2.5,5,5,13
"4318",3,2,2,9
"4319",5,2,2,7
"4320",10,2,2,2
"4321",0.001,1285,1298,12
"4322",0.01,1053,1065,11
"4323",0.1,486,496,7
"4324",1,4,7,1
"4325",1.5,2,5,1
"4326",2,0,1,1
"4327",2.5,0,1,0
"4328",3,0,1,0
"4329",5,0,1,0
"4330",10,0,0,0
"4331",0.001,22,22,11111
"4332",0.01,19,19,9088
"4333",0.1,13,13,4064
"4334",1,3,3,53
"4335",1.5,3,3,16
"4336",2,2,2,11
"4337",2.5,0,0,6
"4338",3,0,0,6
"4339",5,0,0,1
"4340",10,0,0,1
"4341",0.001,20435,20456,25
"4342",0.01,16937,16953,22
"4343",0.1,8119,8129,10
"4344",1,91,94,3
"4345",1.5,19,21,2
"4346",2,7,9,1
"4347",2.5,5,5,1
"4348",3,4,4,1
"4349",5,0,0,0
"4350",10,2,2,0
"4351",0.001,474,482,47
"4352",0.01,396,399,43
"4353",0.1,185,187,26
"4354",1,0,0,2
"4355",1.5,0,0,2
"4356",2,0,0,0
"4357",2.5,0,0,0
"4358",3,0,0,0
"4359",5,0,0,0
"4360",10,0,0,0
"4361",0.001,727,738,33
"4362",0.01,610,621,27
"4363",0.1,303,308,17
"4364",1,6,6,1
"4365",1.5,4,4,1
"4366",2,2,2,1
"4367",2.5,0,0,0
"4368",3,0,0,0
"4369",5,0,0,0
"4370",10,0,0,0
"4371",0.001,3421,3433,2188
"4372",0.01,2843,2853,1819
"4373",0.1,1323,1331,823
"4374",1,19,19,11
"4375",1.5,6,6,5
"4376",2,4,4,3
"4377",2.5,1,1,1
"4378",3,0,0,1
"4379",5,0,0,1
"4380",10,0,0,1
"4381",0.001,49469,49469,53
"4382",0.01,40742,40742,45
"4383",0.1,18399,18399,30
"4384",1,257,257,2
"4385",1.5,81,81,0
"4386",2,45,45,0
"4387",2.5,28,28,0
"4388",3,23,23,0
"4389",5,9,9,0
"4390",10,1,1,0
"4391",0.001,14737,14737,149
"4392",0.01,12065,12065,127
"4393",0.1,5304,5304,56
"4394",1,64,64,2
"4395",1.5,26,26,0
"4396",2,13,13,0
"4397",2.5,7,7,0
"4398",3,4,4,0
"4399",5,1,1,0
"4400",10,1,1,0
"4401",0.001,1806,1841,57
"4402",0.01,1483,1514,50
"4403",0.1,638,651,26
"4404",1,13,13,4
"4405",1.5,1,1,2
"4406",2,1,1,1
"4407",2.5,0,0,0
"4408",3,0,0,0
"4409",5,0,0,0
"4410",10,0,0,0
"4411",0.001,6354,6388,54
"4412",0.01,5216,5248,49
"4413",0.1,2337,2347,30
"4414",1,21,21,7
"4415",1.5,12,12,0
"4416",2,5,5,0
"4417",2.5,1,1,0
"4418",3,1,1,0
"4419",5,1,1,0
"4420",10,1,1,0
"4421",0.001,3824,3845,35
"4422",0.01,3114,3132,29
"4423",0.1,1338,1350,17
"4424",1,11,11,4
"4425",1.5,2,2,3
"4426",2,0,0,3
"4427",2.5,0,0,0
"4428",3,0,0,0
"4429",5,0,0,0
"4430",10,0,0,0
"4431",0.001,7391,7391,6442
"4432",0.01,6087,6087,5249
"4433",0.1,2793,2793,2350
"4434",1,47,47,36
"4435",1.5,17,17,13
"4436",2,10,10,4
"4437",2.5,6,6,2
"4438",3,6,6,2
"4439",5,1,1,1
"4440",10,0,0,1
"4441",0.001,2710,2710,4695
"4442",0.01,2197,2197,3814
"4443",0.1,964,964,1706
"4444",1,15,15,26
"4445",1.5,2,2,5
"4446",2,2,2,4
"4447",2.5,2,2,4
"4448",3,2,2,0
"4449",5,0,0,0
"4450",10,0,0,0
"4451",0.001,2588,2596,9
"4452",0.01,2147,2155,9
"4453",0.1,995,999,3
"4454",1,7,7,0
"4455",1.5,4,4,0
"4456",2,0,0,0
"4457",2.5,0,0,0
"4458",3,0,0,0
"4459",5,0,0,0
"4460",10,0,0,0
"4461",0.001,14,14,3978
"4462",0.01,12,12,3413
"4463",0.1,7,7,1849
"4464",1,2,2,57
"4465",1.5,2,2,17
"4466",2,2,2,9
"4467",2.5,0,0,8
"4468",3,0,0,8
"4469",5,2,2,7
"4470",10,2,2,1
"4471",0.001,581,939,615
"4472",0.01,493,805,520
"4473",0.1,264,429,272
"4474",1,9,10,1
"4475",1.5,3,4,0
"4476",2,1,1,0
"4477",2.5,1,1,0
"4478",3,1,1,0
"4479",5,0,0,0
"4480",10,2,2,0
"4481",0.001,433,465,12
"4482",0.01,355,384,12
"4483",0.1,198,212,9
"4484",1,14,15,1
"4485",1.5,3,4,0
"4486",2,3,4,0
"4487",2.5,0,0,0
"4488",3,0,0,0
"4489",5,0,0,0
"4490",10,0,0,0
"4491",0.001,1095,1100,8
"4492",0.01,928,933,8
"4493",0.1,486,490,4
"4494",1,17,17,0
"4495",1.5,10,10,0
"4496",2,8,8,0
"4497",2.5,6,6,0
"4498",3,6,6,0
"4499",5,2,2,0
"4500",10,4,4,0
"4501",0.001,4760,4760,752
"4502",0.01,4017,4017,628
"4503",0.1,2026,2026,306
"4504",1,60,60,1
"4505",1.5,12,12,1
"4506",2,4,4,1
"4507",2.5,0,0,0
"4508",3,0,0,0
"4509",5,0,0,0
"4510",10,0,0,0
"4511",0.001,9190,9190,19
"4512",0.01,7746,7746,17
"4513",0.1,4081,4081,10
"4514",1,110,110,0
"4515",1.5,13,13,0
"4516",2,6,6,0
"4517",2.5,3,3,0
"4518",3,1,1,0
"4519",5,1,1,0
"4520",10,1,1,0
"4521",0.001,32,51,1987
"4522",0.01,27,44,1683
"4523",0.1,14,24,846
"4524",1,0,0,9
"4525",1.5,0,0,0
"4526",2,0,0,0
"4527",2.5,0,0,0
"4528",3,0,0,0
"4529",5,0,0,0
"4530",10,0,0,0
"4531",0.001,2050,2072,16
"4532",0.01,1650,1666,14
"4533",0.1,773,782,9
"4534",1,8,9,2
"4535",1.5,6,7,0
"4536",2,4,4,0
"4537",2.5,2,2,0
"4538",3,0,0,0
"4539",5,0,0,0
"4540",10,0,1,1
"4541",0.001,51327,51348,6
"4542",0.01,41812,41830,5
"4543",0.1,18412,18425,1
"4544",1,159,161,0
"4545",1.5,35,35,0
"4546",2,20,20,0
"4547",2.5,13,13,0
"4548",3,6,6,0
"4549",5,2,2,0
"4550",10,0,0,0
"4551",0.001,13466,13556,35
"4552",0.01,10937,11017,31
"4553",0.1,4805,4853,13
"4554",1,51,61,5
"4555",1.5,19,24,3
"4556",2,13,17,2
"4557",2.5,7,11,2
"4558",3,3,7,2
"4559",5,0,0,2
"4560",10,0,0,0
"4561",0.001,28753,28787,11
"4562",0.01,23585,23616,10
"4563",0.1,10741,10756,8
"4564",1,131,134,0
"4565",1.5,49,52,0
"4566",2,29,32,0
"4567",2.5,19,19,1
"4568",3,7,7,0
"4569",5,4,4,0
"4570",10,0,0,0
"4571",0.001,803,823,13
"4572",0.01,638,654,13
"4573",0.1,261,272,7
"4574",1,5,6,1
"4575",1.5,0,1,0
"4576",2,0,0,0
"4577",2.5,0,0,0
"4578",3,0,0,0
"4579",5,0,0,0
"4580",10,0,0,0
"4581",0.001,13797,13878,29
"4582",0.01,11337,11413,27
"4583",0.1,5149,5196,16
"4584",1,45,51,6
"4585",1.5,12,17,5
"4586",2,8,13,3
"4587",2.5,5,8,3
"4588",3,3,6,3
"4589",5,0,0,0
"4590",10,0,0,0
"4591",0.001,2658,2658,302
"4592",0.01,1349,1349,209
"4593",0.1,114,114,47
"4594",1,4,4,3
"4595",1.5,2,2,2
"4596",2,2,2,0
"4597",2.5,2,2,0
"4598",3,2,2,0
"4599",5,2,2,0
"4600",10,0,0,0
"4601",0.001,3698,3698,3054
"4602",0.01,2448,2448,1975
"4603",0.1,418,418,310
"4604",1,7,7,10
"4605",1.5,6,6,2
"4606",2,4,4,1
"4607",2.5,2,2,1
"4608",3,2,2,1
"4609",5,0,0,0
"4610",10,2,2,0
"4611",0.001,48,48,100
"4612",0.01,29,29,59
"4613",0.1,8,8,8
"4614",1,0,0,2
"4615",1.5,0,0,2
"4616",2,0,0,2
"4617",2.5,0,0,2
"4618",3,0,0,2
"4619",5,0,0,2
"4620",10,1,1,1
"4621",0.001,41,41,2220
"4622",0.01,29,29,1376
"4623",0.1,8,8,178
"4624",1,0,0,6
"4625",1.5,0,0,4
"4626",2,0,0,4
"4627",2.5,0,0,2
"4628",3,0,0,2
"4629",5,0,0,1
"4630",10,0,0,0
"4631",0.001,12208,12221,42
"4632",0.01,6312,6320,18
"4633",0.1,503,504,4
"4634",1,11,11,0
"4635",1.5,6,6,0
"4636",2,4,4,0
"4637",2.5,4,4,0
"4638",3,2,2,0
"4639",5,2,2,0
"4640",10,0,1,0
"4641",0.001,7045,7112,92
"4642",0.01,4130,4170,59
"4643",0.1,477,481,7
"4644",1,6,6,0
"4645",1.5,6,6,0
"4646",2,6,6,0
"4647",2.5,4,4,0
"4648",3,2,2,0
"4649",5,2,2,0
"4650",10,2,3,1
"4651",0.001,5707,5707,445
"4652",0.01,3807,3807,331
"4653",0.1,507,507,113
"4654",1,0,0,10
"4655",1.5,0,0,4
"4656",2,0,0,2
"4657",2.5,0,0,0
"4658",3,0,0,0
"4659",5,0,0,0
"4660",10,0,0,0
"4661",0.001,1696,1696,111
"4662",0.01,1088,1088,64
"4663",0.1,140,140,8
"4664",1,6,6,0
"4665",1.5,4,4,0
"4666",2,2,2,0
"4667",2.5,2,2,0
"4668",3,2,2,0
"4669",5,1,1,0
"4670",10,1,1,2
"4671",0.001,25,25,1501
"4672",0.01,17,17,848
"4673",0.1,0,0,95
"4674",1,0,0,2
"4675",1.5,0,0,0
"4676",2,0,0,0
"4677",2.5,0,0,0
"4678",3,2,2,0
"4679",5,2,2,0
"4680",10,2,2,0
"4681",0.001,5796,5796,5085
"4682",0.01,3140,3140,3157
"4683",0.1,299,299,441
"4684",1,18,18,22
"4685",1.5,11,11,9
"4686",2,8,8,3
"4687",2.5,5,5,3
"4688",3,2,2,1
"4689",5,2,2,1
"4690",10,1,1,0
"4691",0.001,3895,3895,1428
"4692",0.01,2269,2269,945
"4693",0.1,192,192,174
"4694",1,15,15,6
"4695",1.5,9,9,3
"4696",2,7,7,1
"4697",2.5,5,5,1
"4698",3,5,5,1
"4699",5,3,3,1
"4700",10,1,1,1
"4701",0.001,8493,8493,7246
"4702",0.01,4620,4620,4010
"4703",0.1,404,404,364
"4704",1,17,17,23
"4705",1.5,11,11,20
"4706",2,9,9,12
"4707",2.5,8,8,7
"4708",3,6,6,7
"4709",5,2,2,1
"4710",10,0,0,0
"4711",0.001,1485,7014,1650
"4712",0.01,871,3969,903
"4713",0.1,105,372,57
"4714",1,7,24,5
"4715",1.5,5,16,3
"4716",2,3,8,2
"4717",2.5,3,3,1
"4718",3,3,3,1
"4719",5,1,1,1
"4720",10,0,0,0
"4721",0.001,17425,17453,41
"4722",0.01,15691,15718,39
"4723",0.1,10496,10514,26
"4724",1,1521,1525,5
"4725",1.5,659,661,2
"4726",2,268,268,2
"4727",2.5,139,139,0
"4728",3,81,81,0
"4729",5,17,17,0
"4730",10,0,0,0
"4731",0.001,1662,1662,596
"4732",0.01,1489,1489,532
"4733",0.1,951,951,359
"4734",1,102,102,41
"4735",1.5,37,37,18
"4736",2,12,12,11
"4737",2.5,3,3,6
"4738",3,3,3,2
"4739",5,1,1,0
"4740",10,1,1,0
"4741",0.001,5022,5022,27
"4742",0.01,4453,4453,25
"4743",0.1,2848,2848,18
"4744",1,309,309,2
"4745",1.5,118,118,2
"4746",2,50,50,2
"4747",2.5,23,23,0
"4748",3,8,8,0
"4749",5,5,5,0
"4750",10,0,0,0
"4751",0.001,75,75,28064
"4752",0.01,70,70,25127
"4753",0.1,47,47,16455
"4754",1,10,10,2279
"4755",1.5,2,2,920
"4756",2,0,0,405
"4757",2.5,0,0,197
"4758",3,0,0,97
"4759",5,0,0,9
"4760",10,0,0,2
"4761",0.001,24603,24603,216
"4762",0.01,21923,21923,188
"4763",0.1,14145,14145,128
"4764",1,1674,1674,29
"4765",1.5,607,607,20
"4766",2,232,232,11
"4767",2.5,97,97,7
"4768",3,45,45,6
"4769",5,8,8,4
"4770",10,0,0,0
"4771",0.001,4999,5012,20
"4772",0.01,4477,4488,19
"4773",0.1,2888,2894,14
"4774",1,328,328,2
"4775",1.5,120,120,2
"4776",2,53,53,1
"4777",2.5,22,22,0
"4778",3,13,13,0
"4779",5,2,2,0
"4780",10,0,0,0
"4781",0.001,50,87,62916
"4782",0.01,45,78,56307
"4783",0.1,28,49,37207
"4784",1,4,9,5422
"4785",1.5,1,4,2304
"4786",2,0,0,1019
"4787",2.5,0,0,507
"4788",3,0,0,270
"4789",5,0,0,46
"4790",10,0,0,10
"4791",0.001,94,94,51365
"4792",0.01,86,86,45635
"4793",0.1,57,57,29217
"4794",1,11,11,3531
"4795",1.5,4,4,1307
"4796",2,3,3,582
"4797",2.5,1,1,284
"4798",3,0,0,157
"4799",5,0,0,28
"4800",10,0,0,6
"4801",0.001,23065,23079,13
"4802",0.01,20560,20574,11
"4803",0.1,13512,13520,9
"4804",1,1745,1748,3
"4805",1.5,711,712,0
"4806",2,327,328,0
"4807",2.5,141,141,0
"4808",3,66,66,0
"4809",5,10,10,0
"4810",10,0,0,0
"4811",0.001,4139,4190,80
"4812",0.01,3701,3748,76
"4813",0.1,2450,2485,48
"4814",1,311,320,11
"4815",1.5,118,127,7
"4816",2,45,48,7
"4817",2.5,12,14,2
"4818",3,4,6,0
"4819",5,3,3,0
"4820",10,0,0,0
"4821",0.001,1995,1995,35232
"4822",0.01,1806,1806,31637
