"","pid.chr","data.i","position","logratio"
"1","20151.14",1,19068113,-0.006
"2","20151.14",2,19094167,-0.151
"3","20151.14",3,19139252,0.195
"4","20151.14",4,19175329,-0.333
"5","20151.14",5,19264588,0.352
"6","20151.14",6,19326179,0.109
"7","20151.14",7,19356120,-0.818
"8","20151.14",8,19403916,-0.892
"9","20151.14",9,19439557,-0.318
"10","20151.14",10,19470336,-0.051
"11","20151.14",11,19511642,-0.333
"12","20151.14",12,19559503,-0.138
"13","20151.14",13,19608402,0.333
"14","20151.14",14,19645446,-0.061
"15","20151.14",15,19679453,-0.243
"16","20151.14",16,19724566,0.088
"17","20151.14",17,19765283,-0.191
"18","20151.14",18,19804184,0.18
"19","20151.14",19,19845411,0.18
"20","20151.14",20,19873753,-0.13
"21","20151.14",21,19912253,0.296
"22","20151.14",22,19953670,0.059
"23","20151.14",23,20000488,-0.27
"24","20151.14",24,20042517,0.151
"25","20151.14",25,20087468,-0.218
"26","20151.14",26,20118404,-0.028
"27","20151.14",27,20165537,-0.663
"28","20151.14",28,20203185,0.722
"29","20151.14",29,20241875,0.556
"30","20151.14",30,20290097,0.914
"31","20151.14",31,20325217,0.406
"32","20151.14",32,20365214,0.605
"33","20151.14",33,20404802,0.821
"34","20151.14",34,20438603,0.446
"35","20151.14",35,20488631,0.278
"36","20151.14",36,20528663,0.401
"37","20151.14",37,20560472,0.099
"38","20151.14",38,20604675,-0.022
"39","20151.14",39,20641892,0.097
"40","20151.14",40,20674629,-0.111
"41","20151.14",41,20711217,-0.13
"42","20151.14",42,20755785,0.293
"43","20151.14",43,20801531,0.109
"44","20151.14",44,20840023,0.374
"45","20151.14",45,20877563,-0.081
"46","20151.14",46,20912574,-0.177
"47","20151.14",47,20969244,-0.131
"48","20151.14",48,20999664,0.029
"49","20151.14",49,21049824,0.033
"50","20151.14",50,21079419,0.335
"51","20151.14",51,21113659,-0.215
"52","20151.14",52,21159126,0.277
"53","20151.14",53,21202172,0.4
"54","20151.14",54,21239024,0.323
"55","20151.14",55,21277819,0.34
"56","20151.14",56,21321772,-0.152
"57","20151.14",57,21357838,0.232
"58","20151.14",58,21403665,0.092
"59","20151.14",59,21445914,0.007
"60","20151.14",60,21483773,-0.136
"61","20151.14",61,21520780,-0.022
"62","20151.14",62,21556089,-0.746
"63","20151.14",63,21591913,0.158
"64","20151.14",64,21631033,0.052
"65","20151.14",65,21679788,0.054
"66","20151.14",66,21727741,0.268
"67","20151.14",67,21751116,-0.071
"68","20151.14",68,21792578,0.086
"69","20151.14",69,21838603,-0.058
"70","20151.14",70,21881105,0.162
"71","20151.14",71,21913184,0.058
"72","20151.14",72,21967361,-0.24
"73","20151.14",73,22005446,-0.059
"74","20151.14",74,22033265,0.426
"75","20151.14",75,22080022,-0.293
"76","20151.14",76,22116441,-0.29
"77","20151.14",77,22152530,-0.037
"78","20151.14",78,22205764,-0.034
"79","20151.14",79,22242764,0.069
"80","20151.14",80,22288927,-0.169
"81","20151.14",81,22320083,0.249
"82","20151.14",82,22361535,0.379
"83","20151.14",83,22392593,0.266
"84","20151.14",84,22441659,-0.129
"85","20151.14",85,22488604,0.308
"86","20151.14",86,22521912,0.07
"87","20151.14",87,22570115,0.774
"88","20151.14",88,22606177,0.974
"89","20151.14",89,22646212,0.864
"90","20151.14",90,22670526,0.888
"91","20151.14",91,22729804,1.289
"92","20151.14",92,22768076,1.366
"93","20151.14",93,22801362,1.417
"94","20151.14",94,22832150,1.178
"95","20151.14",95,22876689,0.866
"96","20151.14",96,22918580,1.253
"97","20151.14",97,22968824,0.81
"98","20151.14",98,22998083,0.205
"99","20151.14",99,23049854,0.164
"100","20151.14",100,23075146,-0.221
"101","20151.14",101,23122349,0.188
"102","20151.14",102,23168352,-0.355
"103","20151.14",103,23193075,-0.057
"104","20151.14",104,23244372,0.421
"105","20151.14",105,23276582,-0.156
"106","20151.14",106,23325041,0.219
"107","20151.14",107,23363312,0.009
"108","20151.14",108,23399060,-0.052
"109","20151.14",109,23445582,-0.681
"110","20151.14",110,23472499,-0.279
"111","20151.14",111,23513021,-0.309
"112","20151.14",112,23557152,0.095
"113","20151.14",113,23598302,0.503
"114","20151.14",114,23643412,0.437
"115","20151.14",115,23679379,0.136
"116","20151.14",116,23720286,0.227
"117","20151.14",117,23756877,-0.112
"118","20151.14",118,23791728,-0.455
"119","20151.14",119,23841811,-0.234
"120","20151.14",120,23875957,-0.051
"121","20151.14",121,23913666,-0.021
"122","20151.14",122,23968962,-0.287
"123","20151.14",123,23998750,-0.277
"124","20151.14",124,24041520,-0.208
"125","20151.14",125,24075436,-0.308
"126","20151.14",126,24111310,-0.044
"127","20151.14",127,24153920,0.271
"128","20151.14",128,24194616,-0.086
"129","20151.14",129,24245890,0.221
"130","20151.14",130,24281990,0.295
"131","20151.14",131,24318834,0.091
"132","20151.14",132,24352336,0.336
"133","20151.14",133,24402378,0.132
"134","20151.14",134,24437575,-0.48
"135","20151.14",135,24474701,-0.452
"136","20151.14",136,24519678,-0.323
"137","20151.14",137,24556783,-0.506
"138","20151.14",138,24593452,-0.278
"139","20151.14",139,24634964,0.272
"140","20151.14",140,24679180,0.09
"141","20151.14",141,24717263,0.573
"142","20151.14",142,24756825,0.004
"143","20151.14",143,24801377,-0.411
"144","20151.14",144,24831254,-0.34
"145","20151.14",145,24872773,-0.483
"146","20151.14",146,24912671,0.41
"147","20151.14",147,24968243,0.342
"148","20151.14",148,25003830,0.06
"149","20151.14",149,25030798,0.087
"150","20151.14",150,25077977,-0.127
"151","20151.14",151,25126620,-0.011
"152","20151.14",152,25156339,0.036
"153","20151.14",153,25204230,0.25
"154","20151.14",154,25247600,0.365
"155","20151.14",155,25279902,0.078
"156","20151.14",156,25328856,0.098
"157","20151.14",157,25363796,0.028
"158","20151.14",158,25400891,-0.175
"159","20151.14",159,25448838,0.322
"160","20151.14",160,25475789,0.372
"161","20151.14",161,25517635,-1.165
"162","20151.14",162,25553145,0.196
"163","20151.14",163,25604537,0.364
"164","20151.14",164,25630900,0.213
"165","20151.14",165,25682484,0.069
"166","20151.14",166,25715562,-0.043
"167","20151.14",167,25769980,0.065
"168","20151.14",168,25795737,-0.019
"169","20151.14",169,25843585,0.077
"170","20151.14",170,25889562,-0.067
"171","20151.14",171,25911302,0.066
"172","20151.14",172,25951727,0.083
"173","20151.14",173,26009036,0.279
"174","20151.14",174,26042874,0.114
"175","20151.14",175,26076848,0.33
"176","20151.14",176,26125784,0.205
"177","20151.14",177,26165405,0.25
"178","20151.14",178,26195210,0.419
"179","20151.14",179,26230419,-0.061
"180","20151.14",180,26274520,-0.04
"181","20151.14",181,26313589,0.324
"182","20151.14",182,26351159,-0.04
"183","20151.14",183,26395265,0.052
"184","20151.14",184,26433854,0.044
"185","20151.14",185,26474734,-0.069
"186","20151.14",186,26521580,0.302
"187","20151.14",187,26567813,0.358
"188","20151.14",188,26599873,0.525
"189","20151.14",189,26648703,-0.034
"190","20151.14",190,26679846,0.093
"191","20151.14",191,26725074,0.373
"192","20151.14",192,26757021,0.334
"193","20151.14",193,26798183,0.202
"194","20151.14",194,26834937,0.257
"195","20151.14",195,26883759,0.216
"196","20151.14",196,26915128,0.221
"197","20151.14",197,26964004,0.237
"198","20151.14",198,26997680,0.006
"199","20151.14",199,27032215,0.413
"200","20151.14",200,27076042,-0.458
"201","20151.14",201,27129781,0.246
"202","20151.14",202,27169547,0.316
"203","20151.14",203,27207203,0.146
"204","20151.14",204,27235302,0.158
"205","20151.14",205,27273388,0.098
"206","20151.14",206,27310566,0.257
"207","20151.14",207,27359849,0.159
"208","20151.14",208,27397757,0.348
"209","20151.14",209,27444124,0.096
"210","20151.14",210,27484500,0.024
"211","20151.14",211,27527731,0.258
"212","20151.14",212,27565290,0.323
"213","20151.14",213,27601105,0.16
"214","20151.14",214,27649780,0.286
"215","20151.14",215,27671022,0.061
"216","20151.14",216,27720812,0.389
"217","20151.14",217,27755270,-0.008
"218","20151.14",218,27806559,0.108
"219","20151.14",219,27846341,0.096
"220","20151.14",220,27877330,0.359
"221","20151.14",221,27922181,0.027
"222","20151.14",222,27969809,0.078
"223","20151.14",223,28001116,-0.152
"224","20151.14",224,28036669,0.164
"225","20151.14",225,28075519,0.051
"226","20151.14",226,28125347,0.044
"227","20151.14",227,28157814,0.161
"228","20151.14",228,28199683,0.107
"229","20151.14",229,28243459,-0.353
"230","20151.14",230,28281156,-0.037
"231","20151.14",231,28327427,0.052
"232","20151.14",232,28351247,0.028
"233","20151.14",233,28403982,-0.005
"234","20151.14",234,28446895,0.25
"235","20151.14",235,28473730,0.048
"236","20151.14",236,28524001,-0.099
"237","20151.14",237,28556658,0.285
"238","20151.14",238,28600480,0.182
"239","20151.14",239,28646010,0.258
"240","20151.14",240,28672691,0.141
"241","20151.14",241,28712277,-0.073
"242","20151.14",242,28752750,0.441
"243","20151.14",243,28792478,0.147
"244","20151.14",244,28835357,0.067
"245","20151.14",245,28888622,-0.479
"246","20151.14",246,28914072,0.563
"247","20151.14",247,28951698,-0.074
"248","20151.14",248,28993789,0.339
"249","20151.14",249,29039635,0.115
"250","20151.14",250,29079941,0.162
"251","20151.14",251,29127701,0.001
"252","20151.14",252,29169323,0.241
"253","20151.14",253,29194331,0.034
"254","20151.14",254,29242212,0.009
"255","20151.14",255,29272043,0.318
"256","20151.14",256,29327613,0.2
"257","20151.14",257,29352326,0.077
"258","20151.14",258,29405639,0.107
"259","20151.14",259,29446994,0.208
"260","20151.14",260,29488132,0.133
"261","20151.14",261,29510602,0.296
"262","20151.14",262,29563055,0.254
"263","20151.14",263,29602666,-0.207
"264","20151.14",264,29647905,0.483
"265","20151.14",265,29689219,0.586
"266","20151.14",266,29712155,0.032
"267","20151.14",267,29770020,0.564
"268","20151.14",268,29808676,-0.018
"269","20151.14",269,29848648,0.131
"270","20151.14",270,29879477,0.147
"271","20151.14",271,29916084,0.125
"272","20151.14",272,29969936,-0.013
"273","20151.14",273,30001193,0.155
"274","20151.14",274,30033223,0.183
"275","20151.14",275,30074709,0.109
"276","20151.14",276,30117175,0.481
"277","20151.14",277,30159696,0.09
"278","20151.14",278,30192235,0.287
"279","20151.14",279,30235711,0.048
"280","20151.14",280,30289811,0.027
"281","20151.14",281,30327044,0.194
"282","20151.14",282,30356413,-0.421
"283","20151.14",283,30400238,-0.05
"284","20151.14",284,30450093,0.11
"285","20151.14",285,30488542,0.255
"286","20151.14",286,30523234,0.213
"287","20151.14",287,30551821,0.071
"288","20151.14",288,30591392,0.191
"289","20151.14",289,30634454,-0.162
"290","20151.14",290,30685161,0.139
"291","20151.14",291,30729055,-0.102
"292","20151.14",292,30763092,0.223
"293","20151.14",293,30792294,-0.041
"294","20151.14",294,30849208,-0.068
"295","20151.14",295,30872774,-0.087
"296","20151.14",296,30924964,-0.001
"297","20151.14",297,30966485,-0.183
"298","20151.14",298,30999795,-0.108
"299","20151.14",299,31030690,-0.134
"300","20151.14",300,31078503,0.341
"301","20151.14",301,31119311,-0.084
"302","20151.14",302,31161941,0.342
"303","20151.14",303,31196927,-0.008
"304","20151.14",304,31231244,-0.092
"305","20151.14",305,31272146,-0.033
"306","20151.14",306,31323717,0.081
"307","20151.14",307,31365251,0.039
"308","20151.14",308,31390318,-0.072
"309","20151.14",309,31434483,-0.203
"310","20151.14",310,31472762,-0.05
"311","20151.14",311,31528208,-0.064
"312","20151.14",312,31552335,0.339
"313","20151.14",313,31592108,0.274
"314","20151.14",314,31636871,-0.216
"315","20151.14",315,31672340,-0.448
"316","20151.14",316,31710751,0.443
"317","20151.14",317,31757301,0.009
"318","20151.14",318,31806299,-0.148
"319","20151.14",319,31844026,0.138
"320","20151.14",320,31883287,-0.308
"321","20151.14",321,31921433,-0.046
"322","20151.14",322,31955990,0.395
"323","20151.14",323,31993585,-0.4
"324","20151.14",324,32042500,-0.194
"325","20151.14",325,32074708,0.38
"326","20151.14",326,32129296,0.031
"327","20151.14",327,32165567,-0.286
"328","20151.14",328,32203096,0.484
"329","20151.14",329,32243560,0.032
"330","20151.14",330,32287577,0.349
"331","20151.14",331,32310752,0.244
"332","20151.14",332,32361450,0.376
"333","20151.14",333,32401925,0.088
"334","20151.14",334,32435551,0.114
"335","20151.14",335,32485838,-0.072
"336","20151.14",336,32511241,0.273
"337","20151.14",337,32561565,0.096
"338","20151.14",338,32604067,-0.039
"339","20151.14",339,32636152,0.294
"340","20151.14",340,32687753,0.173
"341","20151.14",341,32713129,0.049
"342","20151.14",342,32755010,0.226
"343","20151.14",343,32791403,0.364
"344","20151.14",344,32848993,-0.159
"345","20151.14",345,32876295,-0.116
"346","20151.14",346,32917331,-0.386
"347","20151.14",347,32961192,0.006
"348","20151.14",348,33001972,0.279
"349","20151.14",349,33031159,0.128
"350","20151.14",350,33076372,0.041
"351","20151.14",351,33113907,0.261
"352","20151.14",352,33153179,0.028
"353","20151.14",353,33190926,0.201
"354","20151.14",354,33230766,-0.023
"355","20151.14",355,33286508,0.242
"356","20151.14",356,33316098,0.147
"357","20151.14",357,33364428,0.047
"358","20151.14",358,33390474,0.129
"359","20151.14",359,33448692,0.228
"360","20151.14",360,33485853,-0.169
"361","20151.14",361,33516948,-0.014
"362","20151.14",362,33565974,0.253
"363","20151.14",363,33609173,0.73
"364","20151.14",364,33632213,-0.178
"365","20151.14",365,33689234,-0.087
"366","20151.14",366,33726251,-0.345
"367","20151.14",367,33763494,-0.221
"368","20151.14",368,33800818,0.125
"369","20151.14",369,33839697,0.252
"370","20151.14",370,33880938,-0.133
"371","20151.14",371,33920390,0.233
"372","20151.14",372,33954311,-0.038
"373","20151.14",373,33998151,-0.064
"374","20151.14",374,34046656,0.008
"375","20151.14",375,34082730,0.075
"376","20151.14",376,34111182,-0.175
"377","20151.14",377,34158983,0.107
"378","20151.14",378,34192445,0.346
"379","20151.14",379,34238649,0.049
"380","20151.14",380,34282140,-0.021
"381","20151.14",381,34321419,0.55
"382","20151.14",382,34358705,0.329
"383","20151.14",383,34395535,0.061
"384","20151.14",384,34443099,-0.4
"385","20151.14",385,34476925,0.119
"386","20151.14",386,34518166,-0.149
"387","20151.14",387,34550688,-1.106
"388","20151.14",388,34600952,0.112
"389","20151.14",389,34645921,0.008
"390","20151.14",390,34672244,-0.193
"391","20151.14",391,34714406,0.263
"392","20151.14",392,34754179,-0.15
"393","20151.14",393,34792995,0.249
"394","20151.14",394,34849846,-0.108
"395","20151.14",395,34885071,0.246
"396","20151.14",396,34923902,-0.296
"397","20151.14",397,34960659,-0.139
"398","20151.14",398,35010035,-0.14
"399","20151.14",399,35031177,-0.184
"400","20151.14",400,35088940,-0.11
"401","20151.14",401,35127789,0.222
"402","20151.14",402,35153803,-0.064
"403","20151.14",403,35196524,-0.045
"404","20151.14",404,35249431,0.31
"405","20151.14",405,35276244,-0.269
"406","20151.14",406,35315300,-0.188
"407","20151.14",407,35357079,0.046
"408","20151.14",408,35404661,0.117
"409","20151.14",409,35435732,-0.156
"410","20151.14",410,35485430,0.299
"411","20151.14",411,35529851,0.27
"412","20151.14",412,35557303,0.34
"413","20151.14",413,35607057,-0.454
"414","20151.14",414,35641074,-0.111
"415","20151.14",415,35675675,0.133
"416","20151.14",416,35719956,0.202
"417","20151.14",417,35760090,-0.231
"418","20151.14",418,35802692,-0.562
"419","20151.14",419,35839308,-0.192
"420","20151.14",420,35887230,0.097
"421","20151.14",421,35915156,0.166
"422","20151.14",422,35950310,0.277
"423","20151.14",423,36000159,-0.408
"424","20151.14",424,36041841,-0.087
"425","20151.14",425,36074821,-0.091
"426","20151.14",426,36120064,-0.122
"427","20151.14",427,36169418,0.229
"428","20151.14",428,36208790,-0.003
"429","20151.14",429,36235820,0.34
"430","20151.14",430,36286095,-0.47
"431","20151.14",431,36323642,0.358
"432","20151.14",432,36368009,-0.213
"433","20151.14",433,36391055,-0.083
"434","20151.14",434,36431356,0.149
"435","20151.14",435,36486304,0.132
"436","20151.14",436,36525522,0.018
"437","20151.14",437,36557980,-0.019
"438","20151.14",438,36596516,-0.416
"439","20151.14",439,36643472,0.631
"440","20151.14",440,36679528,0.019
"441","20151.14",441,36713113,0.223
"442","20151.14",442,36753918,0.254
"443","20151.14",443,36808150,0.543
"444","20151.14",444,36847419,0.159
"445","20151.14",445,36875349,0.299
"446","20151.14",446,36929523,-0.251
"447","20151.14",447,36958091,0.464
"448","20151.14",448,37007537,0.183
"449","20151.14",449,37038617,-0.252
"450","20151.14",450,37071180,0.049
"451","20151.14",451,37129964,0.379
"452","20151.14",452,37160167,-0.146
"453","20151.14",453,37192357,0.329
"454","20151.14",454,37236829,0.181
"455","20151.14",455,37271118,0.132
"456","20151.14",456,37310807,0.1
"457","20151.14",457,37351802,0.057
"458","20151.14",458,37407340,-0.039
"459","20151.14",459,37437746,-0.142
"460","20151.14",460,37479217,0.26
"461","20151.14",461,37512401,-0.329
"462","20151.14",462,37563274,0.234
"463","20151.14",463,37592433,0.218
"464","20151.14",464,37644467,0.274
"465","20151.14",465,37671950,-0.339
"466","20151.14",466,37711811,0.054
"467","20151.14",467,37762169,0.166
"468","20151.14",468,37790803,-0.085
"469","20151.14",469,37848090,0.292
"470","20151.14",470,37882188,-0.007
"471","20151.14",471,37924851,0.157
"472","20151.14",472,37967953,-0.011
"473","20151.14",473,38009882,-0.006
"474","20151.14",474,38047487,-0.232
"475","20151.14",475,38090077,0.138
"476","20151.14",476,38112885,0.098
"477","20151.14",477,38153215,-0.157
"478","20151.14",478,38200506,-0.083
"479","20151.14",479,38243554,0.127
"480","20151.14",480,38279097,-0.063
"481","20151.14",481,38315381,0.042
"482","20151.14",482,38365569,0.005
"483","20151.14",483,38401592,-0.309
"484","20151.14",484,38431062,-0.164
"485","20151.14",485,38483088,0.101
"486","20151.14",486,38513881,0.004
"487","20151.14",487,38556224,0.054
"488","20151.14",488,38593131,-0.216
"489","20151.14",489,38640759,0.014
"490","20151.14",490,38676159,-0.213
"491","20151.14",491,38718912,-0.17
"492","20151.14",492,38769102,-0.424
"493","20151.14",493,38799248,0.139
"494","20151.14",494,38834291,0.246
"495","20151.14",495,38870888,0.138
"496","20151.14",496,38925916,0.286
"497","20151.14",497,38959676,0.107
"498","20151.14",498,38991858,0.209
"499","20151.14",499,39039222,0.015
"500","20151.14",500,39081623,-0.014
"501","20151.14",501,39122855,0.364
"502","20151.14",502,39154244,0.486
"503","20151.14",503,39201264,-0.08
"504","20151.14",504,39232755,0.491
"505","20151.14",505,39285968,0.21
"506","20151.14",506,39319661,0.298
"507","20151.14",507,39358299,-0.015
"508","20151.14",508,39390817,0.035
"509","20151.14",509,39439307,-0.154
"510","20151.14",510,39474053,-0.227
"511","20151.14",511,39516085,-0.072
"512","20151.14",512,39569444,-0.492
"513","20151.14",513,39605642,-0.102
"514","20151.14",514,39637676,-0.171
"515","20151.14",515,39671760,-0.261
"516","20151.14",516,39710508,0.113
"517","20151.14",517,39759369,0.041
"518","20151.14",518,39802880,0.314
"519","20151.14",519,39838451,0.157
"520","20151.14",520,39890039,-0.104
"521","20151.14",521,39924446,-0.037
"522","20151.14",522,39957632,-0.111
"523","20151.14",523,40005004,0.083
"524","20151.14",524,40048789,0.075
"525","20151.14",525,40084299,0.252
"526","20151.14",526,40118689,0.213
"527","20151.14",527,40163709,0.48
"528","20151.14",528,40206530,0.001
"529","20151.14",529,40233812,0.111
"530","20151.14",530,40271697,0.026
"531","20151.14",531,40324593,0.128
"532","20151.14",532,40352572,-0.113
"533","20151.14",533,40401975,0.374
"534","20151.14",534,40439025,0.289
"535","20151.14",535,40484482,0.21
"536","20151.14",536,40527728,0.196
"537","20151.14",537,40553686,0.438
"538","20151.14",538,40596217,0.055
"539","20151.14",539,40639644,0.233
"540","20151.14",540,40688985,0.129
"541","20151.14",541,40728966,0.397
"542","20151.14",542,40750266,-0.1
"543","20151.14",543,40805411,0.058
"544","20151.14",544,40840827,0.098
"545","20151.14",545,40887218,0.028
"546","20151.14",546,40915617,-0.023
"547","20151.14",547,40959828,0.306
"548","20151.14",548,40990645,0.02
"549","20151.14",549,41048899,0.148
"550","20151.14",550,41082059,0.271
"551","20151.14",551,41119304,0.034
"552","20151.14",552,41163196,0.449
"553","20151.14",553,41194082,0.224
"554","20151.14",554,41235799,0.162
"555","20151.14",555,41282702,0.019
"556","20151.14",556,41316679,0.085
"557","20151.14",557,41358504,0.052
"558","20151.14",558,41408090,0.745
"559","20151.14",559,41440937,0.122
"560","20151.14",560,41480026,0.31
"561","20151.14",561,41512798,0.361
"562","20151.14",562,41560358,0.025
"563","20151.14",563,41599761,-0.083
"564","20151.14",564,41647223,0.298
"565","20151.14",565,41672646,0.211
"566","20151.14",566,41729926,0.313
"567","20151.14",567,41765513,-0.146
"568","20151.14",568,41809625,0.443
"569","20151.14",569,41845915,0.259
"570","20151.14",570,41878559,0.161
"571","20151.14",571,41925427,-0.153
"572","20151.14",572,41950336,0.09
"573","20151.14",573,41997065,0.444
"574","20151.14",574,42045670,0.144
"575","20151.14",575,42074402,-1.051
"576","20151.14",576,42118840,0.098
"577","20151.14",577,42169411,0.209
"578","20151.14",578,42190616,0.089
"579","20151.14",579,42242159,0.23
"580","20151.14",580,42275780,0.157
"581","20151.14",581,42324433,0.058
"582","20151.14",582,42352954,0.2
"583","20151.14",583,42396423,0.217
"584","20151.14",584,42431254,0.064
"585","20151.14",585,42483678,0.225
"586","20151.14",586,42516885,0.203
"587","20151.14",587,42558371,0.073
"588","20151.14",588,42596408,0.319
"589","20151.14",589,42645624,0.112
"590","20151.14",590,42677686,-0.201
"591","20151.14",591,42711667,0.096
"592","20151.14",592,42755845,-0.234
"593","20151.14",593,42790651,0.203
"594","20151.14",594,42839852,0.281
"595","20151.14",595,42878021,0.208
"596","20151.14",596,42911319,0.437
"597","20151.14",597,42958307,-0.096
"598","20151.14",598,42992400,0.408
"599","20151.14",599,43030760,-0.083
"600","20151.14",600,43071972,-0.064
"601","20151.14",601,43127815,0.305
"602","20151.14",602,43160743,0.321
"603","20151.14",603,43200897,0.222
"604","20151.14",604,43237789,0.016
"605","20151.14",605,43274157,0.221
"606","20151.14",606,43317897,0.486
"607","20151.14",607,43367781,0.254
"608","20151.14",608,43401193,0.203
"609","20151.14",609,43430270,0.028
"610","20151.14",610,43477957,0.246
"611","20151.14",611,43520794,-0.096
"612","20151.14",612,43570114,0.04
"613","20151.14",613,43607099,-0.191
"614","20151.14",614,43636987,0.156
"615","20151.14",615,43677090,0.416
"616","20151.14",616,43719924,0.51
"617","20151.14",617,43751150,-0.112
"618","20151.14",618,43792179,-0.089
"619","20151.14",619,43837013,0.453
"620","20151.14",620,43888394,0.21
"621","20151.14",621,43920668,0.486
"622","20151.14",622,43950290,0.438
"623","20151.14",623,43996798,-0.271
"624","20151.14",624,44045288,0.215
"625","20151.14",625,44084994,-0.191
"626","20151.14",626,44119799,0.343
"627","20151.14",627,44156496,0.077
"628","20151.14",628,44199199,0.096
"629","20151.14",629,44239875,0.292
"630","20151.14",630,44284515,0.18
"631","20151.14",631,44328181,0.429
"632","20151.14",632,44365309,0.196
"633","20151.14",633,44398351,-0.053
"634","20151.14",634,44443456,-0.033
"635","20151.14",635,44484542,0.07
"636","20151.14",636,44519502,0.059
"637","20151.14",637,44567532,-0.179
"638","20151.14",638,44591645,0.241
"639","20151.14",639,44637515,0.112
"640","20151.14",640,44671603,0.027
"641","20151.14",641,44727090,0.376
"642","20151.14",642,44750665,0.097
"643","20151.14",643,44795410,0.265
"644","20151.14",644,44842464,-0.172
"645","20151.14",645,44874530,-0.111
"646","20151.14",646,44924492,0.4
"647","20151.14",647,44951534,0.301
"648","20151.14",648,44993877,0.438
"649","20151.14",649,45045003,0.013
"650","20151.14",650,45078422,0.004
"651","20151.14",651,45126781,0.328
"652","20151.14",652,45169737,-0.045
"653","20151.14",653,45206783,0.32
"654","20151.14",654,45230860,0.161
"655","20151.14",655,45285829,0.081
"656","20151.14",656,45329693,-0.2
"657","20151.14",657,45362127,-0.236
"658","20151.14",658,45405581,-0.008
"659","20151.14",659,45445472,0.341
"660","20151.14",660,45482288,-0.007
"661","20151.14",661,45511348,-0.117
"662","20151.14",662,45559638,0.401
"663","20151.14",663,45603937,-0.077
"664","20151.14",664,45649537,0.428
"665","20151.14",665,45675927,0.532
"666","20151.14",666,45713920,0.032
"667","20151.14",667,45754059,0.025
"668","20151.14",668,45807111,0.105
"669","20151.14",669,45837964,-0.191
"670","20151.14",670,45872303,0.09
"671","20151.14",671,45924574,-0.17
"672","20151.14",672,45970118,0.096
"673","20151.14",673,46007760,0.2
"674","20151.14",674,46035218,-0.184
"675","20151.14",675,46080499,-0.031
"676","20151.14",676,46116885,-0.016
"677","20151.14",677,46165917,0.188
"678","20151.14",678,46196886,0.37
"679","20151.14",679,46241197,0.237
"680","20151.14",680,46281095,0.294
"681","20151.14",681,46316569,0.06
"682","20151.14",682,46364165,0.333
"683","20151.14",683,46407506,0.114
"684","20151.14",684,46432265,0.129
"685","20151.14",685,46477827,-0.214
"686","20151.14",686,46520380,0.104
"687","20151.14",687,46564538,0.341
"688","20151.14",688,46609492,0.253
"689","20151.14",689,46645922,0.125
"690","20151.14",690,46679532,0.608
"691","20151.14",691,46720710,0.033
"692","20151.14",692,46760306,0.228
"693","20151.14",693,46791722,-0.095
"694","20151.14",694,46836778,-0.317
"695","20151.14",695,46884089,-0.006
"696","20151.14",696,46919506,-0.338
"697","20151.14",697,46961436,0.106
"698","20151.14",698,47005702,0.09
"699","20151.14",699,47036262,0.167
"700","20151.14",700,47081402,0.431
"701","20151.14",701,47111455,0.004
"702","20151.14",702,47165237,0.284
"703","20151.14",703,47208430,0.427
"704","20151.14",704,47240446,-0.065
"705","20151.14",705,47280090,-0.157
"706","20151.14",706,47318031,-0.107
"707","20151.14",707,47359181,-0.232
"708","20151.14",708,47404420,-0.091
"709","20151.14",709,47432428,0.446
"710","20151.14",710,47479102,0.142
"711","20151.14",711,47522112,-0.013
"712","20151.14",712,47560972,-0.035
"713","20151.14",713,47591336,0.504
"714","20151.14",714,47631956,0.146
"715","20151.14",715,47670346,-0.062
"716","20151.14",716,47720132,0.495
"717","20151.14",717,47760530,-0.035
"718","20151.14",718,47795083,-0.23
"719","20151.14",719,47835660,0.057
"720","20151.14",720,47871317,0.433
"721","20151.14",721,47921326,0.265
"722","20151.14",722,47964740,0.341
"723","20151.14",723,48001181,0.122
"724","20151.14",724,48041318,0.275
"725","20151.14",725,48087572,-0.137
"726","20151.14",726,48122646,0.099
"727","20151.14",727,48150482,-0.375
"728","20151.14",728,48202290,0.28
"729","20151.14",729,48237064,0.23
"730","20151.14",730,48288202,0.14
"731","20151.14",731,48327001,0.432
"732","20151.14",732,48358511,0.145
"733","20151.14",733,48404629,0.235
"734","20151.14",734,48430930,-0.105
"735","20151.14",735,48478168,0.015
"736","20151.14",736,48517717,0.297
"737","20151.14",737,48565942,0.01
"738","20151.14",738,48596037,0.107
"739","20151.14",739,48633390,0.319
"740","20151.14",740,48674248,-0.04
"741","20151.14",741,48723841,0.015
"742","20151.14",742,48765192,0.22
"743","20151.14",743,48791267,-0.165
"744","20151.14",744,48831829,0.078
"745","20151.14",745,48887685,-0.28
"746","20151.14",746,48922210,0.202
"747","20151.14",747,48958750,0.31
"748","20151.14",748,48997815,-0.094
"749","20151.14",749,49035622,0.293
"750","20151.14",750,49074238,-0.107
"751","20151.14",751,49112475,-0.118
"752","20151.14",752,49162974,0.147
"753","20151.14",753,49204986,0.092
"754","20151.14",754,49233220,0.038
"755","20151.14",755,49273853,-0.052
"756","20151.14",756,49327085,0.286
"757","20151.14",757,49363600,0.156
"758","20151.14",758,49391968,-0.105
"759","20151.14",759,49445804,-0.045
"760","20151.14",760,49481512,0.177
"761","20151.14",761,49514521,0.282
"762","20151.14",762,49558364,0.332
"763","20151.14",763,49610155,0.125
"764","20151.14",764,49630414,0.182
"765","20151.14",765,49683718,0.063
"766","20151.14",766,49724806,0.095
"767","20151.14",767,49758257,0.229
"768","20151.14",768,49806661,0.171
"769","20151.14",769,49833853,0.326
"770","20151.14",770,49877244,0.182
"771","20151.14",771,49913123,-0.266
"772","20151.14",772,49952961,0.416
"773","20151.14",773,50000121,-0.078
"774","20151.14",774,50040461,0.434
"775","20151.14",775,50085814,0.028
"776","20151.14",776,50114799,-0.521
"777","20151.14",777,50157935,-0.917
"778","20151.14",778,50199460,0.177
"779","20151.14",779,50241515,-0.148
"780","20151.14",780,50285438,-0.007
"781","20151.14",781,50318778,-0.012
"782","20151.14",782,50352277,-0.174
"783","20151.14",783,50393857,0.137
"784","20151.14",784,50437108,0.194
"785","20151.14",785,50483075,-0.154
"786","20151.14",786,50516629,0.291
"787","20151.14",787,50566854,-0.017
"788","20151.14",788,50603990,0.339
"789","20151.14",789,50642937,-0.205
"790","20151.14",790,50677551,0.263
"791","20151.14",791,50721139,0.252
"792","20151.14",792,50769004,0.102
"793","20151.14",793,50806745,0.195
"794","20151.14",794,50843717,0.306
"795","20151.14",795,50884686,-0.284
"796","20151.14",796,50924440,0.397
"797","20151.14",797,50968970,0.416
"798","20151.14",798,50991050,-0.372
"799","20151.14",799,51040882,0.119
"800","20151.14",800,51078566,0.015
"801","20151.14",801,51130230,-0.924
"802","20151.14",802,51159402,0.117
"803","20151.14",803,51191426,0.015
"804","20151.14",804,51235537,0.105
"805","20151.14",805,51289672,-0.249
"806","20151.14",806,51314406,0.172
"807","20151.14",807,51365200,0.104
"808","20151.14",808,51401781,-0.208
"809","20151.14",809,51444413,-0.054
"810","20151.14",810,51474588,0.286
"811","20151.14",811,51513774,-0.066
"812","20151.14",812,51554246,-0.006
"813","20151.14",813,51596756,0.192
"814","20151.14",814,51633900,0.229
"815","20151.14",815,51685988,0.033
"816","20151.14",816,51711005,0.413
"817","20151.14",817,51753254,0.265
"818","20151.14",818,51794095,-0.062
"819","20151.14",819,51838720,-0.246
"820","20151.14",820,51877502,0.07
"821","20151.14",821,51919532,-0.062
"822","20151.14",822,51955195,0.273
"823","20151.14",823,51993414,0.141
"824","20151.14",824,52030829,0.25
"825","20151.14",825,52070957,-0.278
"826","20151.14",826,52122206,-0.333
"827","20151.14",827,52152706,0.602
"828","20151.14",828,52198305,0.272
"829","20151.14",829,52243259,-0.079
"830","20151.14",830,52277950,-0.251
"831","20151.14",831,52324636,0.263
"832","20151.14",832,52364667,0.195
"833","20151.14",833,52407113,-0.092
"834","20151.14",834,52431986,0.142
"835","20151.14",835,52489428,0.258
"836","20151.14",836,52519088,0.143
"837","20151.14",837,52569295,0.063
"838","20151.14",838,52604372,0.035
"839","20151.14",839,52645886,0.24
"840","20151.14",840,52686674,-0.012
"841","20151.14",841,52725617,-0.304
"842","20151.14",842,52754838,-0.064
"843","20151.14",843,52792059,-0.27
"844","20151.14",844,52834418,-0.411
"845","20151.14",845,52886781,-0.041
"846","20151.14",846,52921780,0.042
"847","20151.14",847,52950397,0.269
"848","20151.14",848,53001359,0.014
"849","20151.14",849,53031157,0.043
"850","20151.14",850,53085677,0.047
"851","20151.14",851,53114205,0.146
"852","20151.14",852,53170200,-0.072
"853","20151.14",853,53202977,-0.037
"854","20151.14",854,53236376,0.178
"855","20151.14",855,53284768,0.108
"856","20151.14",856,53318159,0.193
"857","20151.14",857,53357808,0.049
"858","20151.14",858,53404231,0.344
"859","20151.14",859,53431750,-0.137
"860","20151.14",860,53487448,0.001
"861","20151.14",861,53527169,0.053
"862","20151.14",862,53550372,0.024
"863","20151.14",863,53591844,-0.086
"864","20151.14",864,53631027,-0.052
"865","20151.14",865,53681820,-0.124
"866","20151.14",866,53714643,-0.282
"867","20151.14",867,53759612,-0.099
"868","20151.14",868,53808521,0.089
"869","20151.14",869,53850135,0.043
"870","20151.14",870,53883882,0.091
"871","20151.14",871,53911025,0.07
"872","20151.14",872,53962613,0.277
"873","20151.14",873,53996005,-0.045
"874","20151.14",874,54032326,0.176
"875","20151.14",875,54082657,0.108
"876","20151.14",876,54124200,-0.112
"877","20151.14",877,54168453,0.145
"878","20151.14",878,54206222,0.461
"879","20151.14",879,54241236,0.067
"880","20151.14",880,54279956,0.379
"881","20151.14",881,54325534,0.186
"882","20151.14",882,54355925,0.217
"883","20151.14",883,54400787,-0.116
"884","20151.14",884,54433569,-0.359
"885","20151.14",885,54488397,0.416
"886","20151.14",886,54530207,0.146
"887","20151.14",887,54555751,-0.096
"888","20151.14",888,54603543,-0.157
"889","20151.14",889,54639135,-0.157
"890","20151.14",890,54675370,-0.366
"891","20151.14",891,54721260,0
"892","20151.14",892,54759778,0.167
"893","20151.14",893,54796303,0.354
"894","20151.14",894,54842861,-0.055
"895","20151.14",895,54887377,0.348
"896","20151.14",896,54917869,-0.085
"897","20151.14",897,54968893,-0.132
"898","20151.14",898,55007512,-0.024
"899","20151.14",899,55046775,0.232
"900","20151.14",900,55075248,-0.054
"901","20151.14",901,55116278,0.179
"902","20151.14",902,55166814,0.302
"903","20151.14",903,55198711,-0.127
"904","20151.14",904,55237385,0.165
"905","20151.14",905,55286054,0.034
"906","20151.14",906,55322761,-0.139
"907","20151.14",907,55363035,-0.557
"908","20151.14",908,55401285,0.006
"909","20151.14",909,55432142,0.13
"910","20151.14",910,55475371,0.481
"911","20151.14",911,55510543,0.212
"912","20151.14",912,55557794,0.057
"913","20151.14",913,55597989,-0.298
"914","20151.14",914,55646036,0.035
"915","20151.14",915,55675122,0.181
"916","20151.14",916,55714430,0.033
"917","20151.14",917,55768543,-0.107
"918","20151.14",918,55794359,-0.127
"919","20151.14",919,55836671,0.242
"920","20151.14",920,55872048,0.578
"921","20151.14",921,55917530,-0.595
"922","20151.14",922,55951262,-0.226
"923","20151.14",923,56010040,0.376
"924","20151.14",924,56035543,0.114
"925","20151.14",925,56071655,-0.044
"926","20151.14",926,56112698,0.326
"927","20151.14",927,56164063,0.144
"928","20151.14",928,56204043,0.374
"929","20151.14",929,56240099,0.382
"930","20151.14",930,56282205,-0.202
"931","20151.14",931,56319000,0.126
"932","20151.14",932,56367695,-0.184
"933","20151.14",933,56404766,0.002
"934","20151.14",934,56436168,0.161
"935","20151.14",935,56478617,0.058
"936","20151.14",936,56517029,0.05
"937","20151.14",937,56552466,0.119
"938","20151.14",938,56608787,0.212
"939","20151.14",939,56640173,0.341
"940","20151.14",940,56676947,0.346
"941","20151.14",941,56714260,0.365
"942","20151.14",942,56759013,0.018
"943","20151.14",943,56807119,0.309
"944","20151.14",944,56848325,-0.032
"945","20151.14",945,56879489,0.054
"946","20151.14",946,56920742,0.044
"947","20151.14",947,56962134,-0.195
"948","20151.14",948,56993785,0.175
"949","20151.14",949,57044405,-0.201
"950","20151.14",950,57073918,-0.183
"951","20151.14",951,57120659,0.095
"952","20151.14",952,57160846,0.036
"953","20151.14",953,57197017,0.091
"954","20151.14",954,57239761,0.422
"955","20151.14",955,57285278,-1.273
"956","20151.14",956,57320952,0.334
"957","20151.14",957,57357234,0.067
"958","20151.14",958,57406103,-0.24
"959","20151.14",959,57432381,0.413
"960","20151.14",960,57473103,-0.37
"961","20151.14",961,57516259,0.184
"962","20151.14",962,57558138,-0.709
"963","20151.14",963,57600519,-0.178
"964","20151.14",964,57648957,0.023
"965","20151.14",965,57688020,0.386
"966","20151.14",966,57713484,0.176
"967","20151.14",967,57764818,-0.177
"968","20151.14",968,57790285,-0.152
"969","20151.14",969,57848592,-0.089
"970","20151.14",970,57872309,0.095
"971","20151.14",971,57911573,-0.106
"972","20151.14",972,57953081,-0.245
"973","20151.14",973,58002769,-0.19
"974","20151.14",974,58030248,0.022
"975","20151.14",975,58079427,0.436
"976","20151.14",976,58116861,-0.228
"977","20151.14",977,58155907,-0.164
"978","20151.14",978,58205025,0.325
"979","20151.14",979,58231793,0.382
"980","20151.14",980,58282874,0.256
"981","20151.14",981,58327858,-0.783
"982","20151.14",982,58361855,-0.122
"983","20151.14",983,58409049,0.004
"984","20151.14",984,58442333,-0.016
"985","20151.14",985,58489256,-0.111
"986","20151.14",986,58514942,0.127
"987","20151.14",987,58556190,-0.181
"988","20151.14",988,58595893,0.145
"989","20151.14",989,58631189,0.076
"990","20151.14",990,58682373,0.096
"991","20151.14",991,58726611,0.222
"992","20151.14",992,58751251,0.135
"993","20151.14",993,58807851,0.001
"994","20151.14",994,58842508,-0.234
"995","20151.14",995,58878635,0.115
"996","20151.14",996,58914847,-0.006
"997","20151.14",997,58952608,0.087
"998","20151.14",998,59000246,0.067
"999","20151.14",999,59040746,0.098
"1000","20151.14",1000,59082875,-0.176
"1001","20151.14",1001,59114202,-0.17
"1002","20151.14",1002,59160805,0.126
"1003","20151.14",1003,59198102,0.502
"1004","20151.14",1004,59234479,0.08
"1005","20151.14",1005,59287817,-0.058
"1006","20151.14",1006,59328430,-0.101
"1007","20151.14",1007,59366958,-0.193
"1008","20151.14",1008,59409333,0.198
"1009","20151.14",1009,59434917,-0.03
"1010","20151.14",1010,59485081,0.112
"1011","20151.14",1011,59510279,0.135
"1012","20151.14",1012,59566001,0.194
"1013","20151.14",1013,59595573,-0.02
"1014","20151.14",1014,59631504,-0.206
"1015","20151.14",1015,59681202,0.04
"1016","20151.14",1016,59719263,-0.398
"1017","20151.14",1017,59751019,0.174
"1018","20151.14",1018,59791730,0.123
"1019","20151.14",1019,59834415,0.563
"1020","20151.14",1020,59875117,0.28
"1021","20151.14",1021,59917854,0.205
"1022","20151.14",1022,59955485,-0.042
"1023","20151.14",1023,60002197,0.372
"1024","20151.14",1024,60031535,0.244
"1025","20151.14",1025,60089538,-0.228
"1026","20151.14",1026,60123259,-0.354
"1027","20151.14",1027,60163915,0.596
"1028","20151.14",1028,60208538,-0.291
"1029","20151.14",1029,60242194,0.232
"1030","20151.14",1030,60284128,-0.808
"1031","20151.14",1031,60328989,-0.434
"1032","20151.14",1032,60355853,0.207
"1033","20151.14",1033,60390992,-0.126
"1034","20151.14",1034,60438809,-0.026
"1035","20151.14",1035,60473982,-0.057
"1036","20151.14",1036,60520828,0.352
"1037","20151.14",1037,60559579,-0.162
"1038","20151.14",1038,60600796,0.123
"1039","20151.14",1039,60649946,-0.068
"1040","20151.14",1040,60680067,0.033
"1041","20151.14",1041,60712019,-0.095
"1042","20151.14",1042,60758209,-0.175
"1043","20151.14",1043,60810149,0.202
"1044","20151.14",1044,60834007,0.316
"1045","20151.14",1045,60870569,0.331
"1046","20151.14",1046,60929758,0.096
"1047","20151.14",1047,60955787,0.281
"1048","20151.14",1048,61009924,0.023
"1049","20151.14",1049,61035245,0.435
"1050","20151.14",1050,61076438,0.22
"1051","20151.14",1051,61124942,-1.011
"1052","20151.14",1052,61154828,0.091
"1053","20151.14",1053,61202038,0.008
"1054","20151.14",1054,61246817,0.182
"1055","20151.14",1055,61273039,-0.071
"1056","20151.14",1056,61311228,0.441
"1057","20151.14",1057,61357050,0.31
"1058","20151.14",1058,61391520,0.229
"1059","20151.14",1059,61449211,-0.181
"1060","20151.14",1060,61485317,-0.127
"1061","20151.14",1061,61510699,-0.007
"1062","20151.14",1062,61569306,0.245
"1063","20151.14",1063,61595403,0.479
"1064","20151.14",1064,61641670,-0.163
"1065","20151.14",1065,61680243,-0.17
"1066","20151.14",1066,61722129,0.183
"1067","20151.14",1067,61764940,-0.171
"1068","20151.14",1068,61790692,-1.172
"1069","20151.14",1069,61843829,0.198
"1070","20151.14",1070,61887903,0.171
"1071","20151.14",1071,61926999,0.153
"1072","20151.14",1072,61958201,0.216
"1073","20151.14",1073,61997318,0.226
"1074","20151.14",1074,62036980,-0.87
"1075","20151.14",1075,62083856,0.115
"1076","20151.14",1076,62119156,0.11
"1077","20151.14",1077,62157485,0.385
"1078","20151.14",1078,62201932,-0.244
"1079","20151.14",1079,62239611,0.385
"1080","20151.14",1080,62271367,-0.216
"1081","20151.14",1081,62327427,-0.066
"1082","20151.14",1082,62367782,-0.012
"1083","20151.14",1083,62404174,0.046
"1084","20151.14",1084,62435323,0.29
"1085","20151.14",1085,62480866,0.122
"1086","20151.14",1086,62522844,-0.336
"1087","20151.14",1087,62553792,0.237
"1088","20151.14",1088,62607255,0.132
"1089","20151.14",1089,62634264,-0.05
"1090","20151.14",1090,62680263,0.334
"1091","20151.14",1091,62720899,0.25
"1092","20151.14",1092,62764076,-0.008
"1093","20151.14",1093,62804840,-0.012
"1094","20151.14",1094,62839598,0.261
"1095","20151.14",1095,62886041,0.038
"1096","20151.14",1096,62928250,0.084
"1097","20151.14",1097,62965662,0.236
"1098","20151.14",1098,62996276,0.138
"1099","20151.14",1099,63047792,0.533
"1100","20151.14",1100,63089227,0.469
"1101","20151.14",1101,63117005,-0.078
"1102","20151.14",1102,63156201,0.287
"1103","20151.14",1103,63200999,-0.016
"1104","20151.14",1104,63245284,0.076
"1105","20151.14",1105,63280608,-0.09
"1106","20151.14",1106,63317579,0.12
"1107","20151.14",1107,63370248,0.13
"1108","20151.14",1108,63398024,-0.046
"1109","20151.14",1109,63433168,0.236
"1110","20151.14",1110,63488225,-0.163
"1111","20151.14",1111,63519260,0.115
"1112","20151.14",1112,63563651,-0.014
"1113","20151.14",1113,63591571,0.005
"1114","20151.14",1114,63644395,-0.114
"1115","20151.14",1115,63676098,-0.116
"1116","20151.14",1116,63730043,0.104
"1117","20151.14",1117,63753715,0.063
"1118","20151.14",1118,63806739,0.172
"1119","20151.14",1119,63837680,0.376
"1120","20151.14",1120,63889729,-0.403
"1121","20151.14",1121,63910893,0.031
"1122","20151.14",1122,63953299,0.384
"1123","20151.14",1123,64008745,-1.216
"1124","20151.14",1124,64030266,0.061
"1125","20151.14",1125,64079771,-0.006
"1126","20151.14",1126,64112674,0.255
"1127","20151.14",1127,64164914,-0.041
"1128","20151.14",1128,64202633,-0.462
"1129","20151.14",1129,64233290,-0.434
"1130","20151.14",1130,64275818,-0.131
"1131","20151.14",1131,64323805,-0.038
"1132","20151.14",1132,64357715,0.118
"1133","20151.14",1133,64401109,0.353
"1134","20151.14",1134,64442920,0.059
"1135","20151.14",1135,64478397,-0.028
"1136","20151.14",1136,64513384,0.278
"1137","20151.14",1137,64570213,0.062
"1138","20151.14",1138,64592331,0.062
"1139","20151.14",1139,64639951,-0.489
"1140","20151.14",1140,64683097,0.195
"1141","20151.14",1141,64710588,0.202
"1142","20151.14",1142,64763747,-0.152
"1143","20151.14",1143,64803602,0.119
"1144","20151.14",1144,64835464,0.043
"1145","20151.14",1145,64877493,0.072
"1146","20151.14",1146,64926716,-0.206
"1147","20151.14",1147,64966680,-0.804
"1148","20151.14",1148,64995447,0.144
"1149","20151.14",1149,65041816,0.442
"1150","20151.14",1150,65085817,-0.242
"1151","20151.14",1151,65121826,-0.44
"1152","20151.14",1152,65169805,-1.345
"1153","20151.14",1153,65200691,0.081
"1154","20151.14",1154,65240953,-0.042
"1155","20151.14",1155,65273591,0.088
"1156","20151.14",1156,65328705,0.329
"1157","20151.14",1157,65352601,-0.01
"1158","20151.14",1158,65409121,-0.237
"1159","20151.14",1159,65443317,0.257
"1160","20151.14",1160,65477522,-0.199
"1161","20151.14",1161,65527781,0.397
"1162","20151.14",1162,65567750,0.063
"1163","20151.14",1163,65608544,0.142
"1164","20151.14",1164,65630699,0.499
"1165","20151.14",1165,65678200,0.02
"1166","20151.14",1166,65711244,-0.042
"1167","20151.14",1167,65755798,0.098
"1168","20151.14",1168,65801113,0.069
"1169","20151.14",1169,65848523,0.217
"1170","20151.14",1170,65875172,-0.553
"1171","20151.14",1171,65916297,0.144
"1172","20151.14",1172,65955382,0.274
"1173","20151.14",1173,65996870,0.075
"1174","20151.14",1174,66049130,0.216
"1175","20151.14",1175,66079051,-0.1
"1176","20151.14",1176,66119789,-0.243
"1177","20151.14",1177,66165406,-0.368
"1178","20151.14",1178,66208054,0.206
"1179","20151.14",1179,66239642,0.037
"1180","20151.14",1180,66274673,-0.026
"1181","20151.14",1181,66328262,-0.242
"1182","20151.14",1182,66356983,0.427
"1183","20151.14",1183,66399828,0.483
"1184","20151.14",1184,66435486,0.283
"1185","20151.14",1185,66470347,-0.356
"1186","20151.14",1186,66519160,0.255
"1187","20151.14",1187,66565757,-0.3
"1188","20151.14",1188,66601152,0.264
"1189","20151.14",1189,66648360,0.04
"1190","20151.14",1190,66676738,0.214
"1191","20151.14",1191,66718646,0.389
"1192","20151.14",1192,66753845,0.046
"1193","20151.14",1193,66797925,0.123
"1194","20151.14",1194,66839986,-0.054
"1195","20151.14",1195,66888850,0.058
"1196","20151.14",1196,66910836,0.135
"1197","20151.14",1197,66965590,0.165
"1198","20151.14",1198,67005958,-0.017
"1199","20151.14",1199,67039923,0.231
"1200","20151.14",1200,67086875,0.057
"1201","20151.14",1201,67126294,0.542
"1202","20151.14",1202,67161332,0.295
"1203","20151.14",1203,67208448,0.137
"1204","20151.14",1204,67237748,-0.242
"1205","20151.14",1205,67288481,0.099
"1206","20151.14",1206,67318562,0.494
"1207","20151.14",1207,67364147,0.107
"1208","20151.14",1208,67401078,0.176
"1209","20151.14",1209,67431408,0.043
"1210","20151.14",1210,67470304,0.131
"1211","20151.14",1211,67524457,0.02
"1212","20151.14",1212,67564020,0.112
"1213","20151.14",1213,67609439,-0.312
"1214","20151.14",1214,67638167,0.479
"1215","20151.14",1215,67671865,0.218
"1216","20151.14",1216,67727625,0.131
"1217","20151.14",1217,67752836,0.666
"1218","20151.14",1218,67810028,-0.769
"1219","20151.14",1219,67843743,0.451
"1220","20151.14",1220,67885001,-0.597
"1221","20151.14",1221,67928842,0.09
"1222","20151.14",1222,67959522,0.082
"1223","20151.14",1223,67995453,-0.203
"1224","20151.14",1224,68045687,0.11
"1225","20151.14",1225,68077188,0.005
"1226","20151.14",1226,68117981,-0.299
"1227","20151.14",1227,68150650,-0.236
"1228","20151.14",1228,68201046,-0.111
"1229","20151.14",1229,68234014,0.024
"1230","20151.14",1230,68282471,-0.142
"1231","20151.14",1231,68319852,-0.003
"1232","20151.14",1232,68362450,-0.065
"1233","20151.14",1233,68408278,0.503
"1234","20151.14",1234,68442071,0.25
"1235","20151.14",1235,68488150,0.008
"1236","20151.14",1236,68526125,-0.03
"1237","20151.14",1237,68566463,0.107
"1238","20151.14",1238,68600747,-0.18
"1239","20151.14",1239,68648786,-0.277
"1240","20151.14",1240,68685550,0.031
"1241","20151.14",1241,68710318,0.448
"1242","20151.14",1242,68767864,0.271
"1243","20151.14",1243,68803890,-0.164
"1244","20151.14",1244,68836360,-0.005
"1245","20151.14",1245,68884420,0.117
"1246","20151.14",1246,68913044,0.057
"1247","20151.14",1247,68956715,-0.041
"1248","20151.14",1248,68991272,-0.372
"1249","20151.14",1249,69032735,-0.176
"1250","20151.14",1250,69078113,-0.047
"1251","20151.14",1251,69129020,0.109
"1252","20151.14",1252,69152263,-0.038
"1253","20151.14",1253,69201533,0.066
"1254","20151.14",1254,69246756,0.211
"1255","20151.14",1255,69276840,-0.383
"1256","20151.14",1256,69323386,0.227
"1257","20151.14",1257,69356916,0.076
"1258","20151.14",1258,69404386,0.07
"1259","20151.14",1259,69442786,-1.072
"1260","20151.14",1260,69483279,0.399
"1261","20151.14",1261,69519176,0.548
"1262","20151.14",1262,69551910,0.091
"1263","20151.14",1263,69597734,0.323
"1264","20151.14",1264,69643387,0.126
"1265","20151.14",1265,69682237,0.118
"1266","20151.14",1266,69725176,-0.874
"1267","20151.14",1267,69752571,0.175
"1268","20151.14",1268,69809406,0.079
"1269","20151.14",1269,69847160,0.193
"1270","20151.14",1270,69882219,0.19
"1271","20151.14",1271,69926480,-0.016
"1272","20151.14",1272,69959255,0.02
"1273","20151.14",1273,69998962,-0.061
"1274","20151.14",1274,70035008,-0.027
"1275","20151.14",1275,70087192,0.068
"1276","20151.14",1276,70115663,-0.08
"1277","20151.14",1277,70155709,-0.002
"1278","20151.14",1278,70197823,-0.238
"1279","20151.14",1279,70248548,0.236
"1280","20151.14",1280,70275997,0.209
"1281","20151.14",1281,70328143,-0.1
"1282","20151.14",1282,70360907,-0.031
"1283","20151.14",1283,70390365,-0.114
"1284","20151.14",1284,70448804,0.339
"1285","20151.14",1285,70479731,0.214
"1286","20151.14",1286,70519787,-0.149
"1287","20151.14",1287,70555478,0.533
"1288","20151.14",1288,70595396,0.294
"1289","20151.14",1289,70637052,0.121
"1290","20151.14",1290,70683988,0.431
"1291","20151.14",1291,70715471,-0.239
"1292","20151.14",1292,70752155,-0.094
"1293","20151.14",1293,70807306,0.23
"1294","20151.14",1294,70844225,0.045
"1295","20151.14",1295,70887537,0.246
"1296","20151.14",1296,70929754,-0.043
"1297","20151.14",1297,70954272,0.037
"1298","20151.14",1298,70993452,-0.085
"1299","20151.14",1299,71047909,-0.078
"1300","20151.14",1300,71073198,0.015
"1301","20151.14",1301,71129515,-0.258
"1302","20151.14",1302,71162774,-0.042
"1303","20151.14",1303,71194417,0.049
"1304","20151.14",1304,71241926,-0.163
"1305","20151.14",1305,71286308,0.142
"1306","20151.14",1306,71325991,-0.358
"1307","20151.14",1307,71353322,-0.091
"1308","20151.14",1308,71392652,0.119
"1309","20151.14",1309,71439379,0.26
"1310","20151.14",1310,71489296,0.034
"1311","20151.14",1311,71512254,0.463
"1312","20151.14",1312,71556978,0.159
"1313","20151.14",1313,71605349,-0.099
"1314","20151.14",1314,71648064,0.244
"1315","20151.14",1315,71671083,0.427
"1316","20151.14",1316,71711641,0.03
"1317","20151.14",1317,71768315,-0.06
"1318","20151.14",1318,71791759,-0.463
"1319","20151.14",1319,71850138,-0.074
"1320","20151.14",1320,71873000,0.278
"1321","20151.14",1321,71923871,0.061
"1322","20151.14",1322,71950551,-0.11
"1323","20151.14",1323,72005232,0.35
"1324","20151.14",1324,72042304,0.374
"1325","20151.14",1325,72083899,0.003
"1326","20151.14",1326,72119767,0.518
"1327","20151.14",1327,72157377,0.043
"1328","20151.14",1328,72196518,0.278
"1329","20151.14",1329,72246824,0.142
"1330","20151.14",1330,72271513,-0.093
"1331","20151.14",1331,72321368,0.11
"1332","20151.14",1332,72370162,0.127
"1333","20151.14",1333,72391213,0.505
"1334","20151.14",1334,72436964,-0.104
"1335","20151.14",1335,72489501,0.202
"1336","20151.14",1336,72520450,-0.178
"1337","20151.14",1337,72553187,0.573
"1338","20151.14",1338,72599882,0.386
"1339","20151.14",1339,72641876,0.099
"1340","20151.14",1340,72679310,0.476
"1341","20151.14",1341,72714494,-0.195
"1342","20151.14",1342,72756967,-0.038
"1343","20151.14",1343,72800239,0.061
"1344","20151.14",1344,72830818,0.175
"1345","20151.14",1345,72871068,0.17
"1346","20151.14",1346,72921629,0.108
"1347","20151.14",1347,72955118,-0.266
"1348","20151.14",1348,72992352,0.162
"1349","20151.14",1349,73043465,-0.072
"1350","20151.14",1350,73086998,-0.101
"1351","20151.14",1351,73120836,-0.021
"1352","20151.14",1352,73163108,0.073
"1353","20151.14",1353,73203157,-0.147
"1354","20151.14",1354,73242378,-0.237
"1355","20151.14",1355,73289645,0.088
"1356","20151.14",1356,73315815,0.141
"1357","20151.14",1357,73365726,-0.074
"1358","20151.14",1358,73400385,-0.018
"1359","20151.14",1359,73432678,0.108
"1360","20151.14",1360,73489458,-0.327
"1361","20151.14",1361,73528223,0.306
"1362","20151.14",1362,73554958,0.12
"1363","20151.14",1363,73592558,-0.106
"1364","20151.14",1364,73635906,0.411
"1365","20151.14",1365,73685867,0.043
"1366","20151.14",1366,73713998,-0.633
"1367","20151.14",1367,73767250,0.277
"1368","20151.14",1368,73791629,0.045
"1369","20151.14",1369,73846463,-0.365
"1370","20151.14",1370,73889014,0.033
"1371","20151.14",1371,73924154,-0.143
"1372","20151.14",1372,73955777,-0.353
"1373","20151.14",1373,73998932,-0.037
"1374","20151.14",1374,74035622,-0.778
"1375","20151.14",1375,74086376,-0.462
"1376","20151.14",1376,74112143,0.375
"1377","20151.14",1377,74168014,-0.21
"1378","20151.14",1378,74209914,0.029
"1379","20151.14",1379,74232093,-0.066
"1380","20151.14",1380,74278077,0.219
"1381","20151.14",1381,74317742,-0.085
"1382","20151.14",1382,74354850,-0.222
"1383","20151.14",1383,74395859,0.341
"1384","20151.14",1384,74433610,-0.009
"1385","20151.14",1385,74477963,0.143
"1386","20151.14",1386,74510565,-0.092
"1387","20151.14",1387,74550317,0.065
"1388","20151.14",1388,74590379,-0.097
"1389","20151.14",1389,74646802,0.134
"1390","20151.14",1390,74674391,0.121
"1391","20151.14",1391,74721994,-0.788
"1392","20151.14",1392,74752336,-0.158
"1393","20151.14",1393,74798398,0.171
"1394","20151.14",1394,74837684,0.069
"1395","20151.14",1395,74885118,-0.413
"1396","20151.14",1396,74926980,-0.176
"1397","20151.14",1397,74966721,-0.022
"1398","20151.14",1398,74996790,-0.007
"1399","20151.14",1399,75040996,-0.037
"1400","20151.14",1400,75081970,-0.157
"1401","20151.14",1401,75123721,-0.157
"1402","20151.14",1402,75153831,0.105
"1403","20151.14",1403,75198214,0.129
"1404","20151.14",1404,75232724,-0.118
"1405","20151.14",1405,75271223,0.065
"1406","20151.14",1406,75316702,-0.137
"1407","20151.14",1407,75351114,-0.822
"1408","20151.14",1408,75403968,-0.231
"1409","20151.14",1409,75432567,-0.161
"1410","20151.14",1410,75489157,0.161
"1411","20151.14",1411,75515832,-1.284
"1412","20151.14",1412,75564958,0.184
"1413","20151.14",1413,75599379,-0.085
"1414","20151.14",1414,75634885,-0.159
"1415","20151.14",1415,75689537,-0.039
"1416","20151.14",1416,75729468,-0.153
"1417","20151.14",1417,75756255,-0.307
"1418","20151.14",1418,75806867,0.039
"1419","20151.14",1419,75837981,-0.092
"1420","20151.14",1420,75889158,-0.4
"1421","20151.14",1421,75915783,-0.194
"1422","20151.14",1422,75954350,0.051
"1423","20151.14",1423,75998212,-0.054
"1424","20151.14",1424,76030615,0.108
"1425","20151.14",1425,76085765,0.099
"1426","20151.14",1426,76124086,0.293
"1427","20151.14",1427,76165597,-0.163
"1428","20151.14",1428,76202324,0.221
"1429","20151.14",1429,76245097,-0.036
"1430","20151.14",1430,76286137,0.045
"1431","20151.14",1431,76319469,0.306
"1432","20151.14",1432,76354742,-0.181
"1433","20151.14",1433,76397143,-0.027
"1434","20151.14",1434,76436142,0.147
"1435","20151.14",1435,76472671,0.211
"1436","20151.14",1436,76515530,0.214
"1437","20151.14",1437,76561020,-0.142
"1438","20151.14",1438,76599499,-0.486
"1439","20151.14",1439,76635186,-0.181
"1440","20151.14",1440,76675930,0.02
"1441","20151.14",1441,76727871,-0.144
"1442","20151.14",1442,76754166,0.408
"1443","20151.14",1443,76801548,-0.282
"1444","20151.14",1444,76832645,-0.08
"1445","20151.14",1445,76886341,-0.703
"1446","20151.14",1446,76922629,-0.026
"1447","20151.14",1447,76956462,-0.112
"1448","20151.14",1448,76992237,0.178
"1449","20151.14",1449,77034562,0.077
"1450","20151.14",1450,77081288,-0.429
"1451","20151.14",1451,77122303,0.07
"1452","20151.14",1452,77167087,-0.136
"1453","20151.14",1453,77191607,-0.208
"1454","20151.14",1454,77249913,0.109
"1455","20151.14",1455,77282504,-0.823
"1456","20151.14",1456,77319897,0.218
"1457","20151.14",1457,77361196,-0.014
"1458","20151.14",1458,77398712,-0.295
"1459","20151.14",1459,77443928,0.058
"1460","20151.14",1460,77478035,-0.158
"1461","20151.14",1461,77514798,0.024
"1462","20151.14",1462,77569427,-0.255
"1463","20151.14",1463,77596332,-0.683
"1464","20151.14",1464,77639955,0.069
"1465","20151.14",1465,77684694,-0.027
"1466","20151.14",1466,77729142,-0.347
"1467","20151.14",1467,77751152,-0.116
"1468","20151.14",1468,77805623,0.131
"1469","20151.14",1469,77847383,-0.582
"1470","20151.14",1470,77870837,0.03
"1471","20151.14",1471,77917303,0.061
"1472","20151.14",1472,77957011,-0.442
"1473","20151.14",1473,78002220,0.089
"1474","20151.14",1474,78031873,0.17
"1475","20151.14",1475,78070491,0.139
"1476","20151.14",1476,78129950,0.085
"1477","20151.14",1477,78154255,0.305
"1478","20151.14",1478,78203346,0.047
"1479","20151.14",1479,78234899,0.267
"1480","20151.14",1480,78272809,0.087
"1481","20151.14",1481,78320194,0.415
"1482","20151.14",1482,78353378,-0.146
"1483","20151.14",1483,78402716,-0.067
"1484","20151.14",1484,78443619,0.058
"1485","20151.14",1485,78473001,0.18
"1486","20151.14",1486,78529051,-0.102
"1487","20151.14",1487,78550673,-0.059
"1488","20151.14",1488,78591531,0.101
"1489","20151.14",1489,78634791,0.132
"1490","20151.14",1490,78671800,-0.013
"1491","20151.14",1491,78718302,0.288
"1492","20151.14",1492,78759053,0.141
"1493","20151.14",1493,78793676,0.362
"1494","20151.14",1494,78836679,0.554
"1495","20151.14",1495,78880843,0.154
"1496","20151.14",1496,78914260,0.065
"1497","20151.14",1497,78955654,0.081
"1498","20151.14",1498,79002573,0.462
"1499","20151.14",1499,79042119,-0.046
"1500","20151.14",1500,79085306,0.091
"1501","20151.14",1501,79120398,0.149
"1502","20151.14",1502,79158626,0.145
"1503","20151.14",1503,79206595,0.056
"1504","20151.14",1504,79243401,0.205
"1505","20151.14",1505,79286123,0.032
"1506","20151.14",1506,79325783,0.088
"1507","20151.14",1507,79359020,0.065
"1508","20151.14",1508,79406562,0.206
"1509","20151.14",1509,79435791,0.032
"1510","20151.14",1510,79471642,-0.069
"1511","20151.14",1511,79524381,0.497
"1512","20151.14",1512,79556850,0.432
"1513","20151.14",1513,79609256,0.461
"1514","20151.14",1514,79634974,-0.101
"1515","20151.14",1515,79685149,0.38
"1516","20151.14",1516,79729213,0.148
"1517","20151.14",1517,79755182,0.143
"1518","20151.14",1518,79802898,0.107
"1519","20151.14",1519,79847810,-0.25
"1520","20151.14",1520,79887345,0.368
"1521","20151.14",1521,79914556,0.025
"1522","20151.14",1522,79969764,0.448
"1523","20151.14",1523,79998390,-0.206
"1524","20151.14",1524,80036407,0.277
"1525","20151.14",1525,80083242,0.159
"1526","20151.14",1526,80115386,-0.217
"1527","20151.14",1527,80165350,0.032
"1528","20151.14",1528,80193616,0.143
"1529","20151.14",1529,80231320,0.378
"1530","20151.14",1530,80270851,0.085
"1531","20151.14",1531,80325025,-0.031
"1532","20151.14",1532,80362404,0.382
"1533","20151.14",1533,80398547,0.111
"1534","20151.14",1534,80439307,0.037
"1535","20151.14",1535,80486020,0.042
"1536","20151.14",1536,80514449,0.13
"1537","20151.14",1537,80552734,-0.252
"1538","20151.14",1538,80607327,0.38
"1539","20151.14",1539,80635810,0.326
"1540","20151.14",1540,80676310,0.384
"1541","20151.14",1541,80729683,-0.164
"1542","20151.14",1542,80759838,-0.513
"1543","20151.14",1543,80804173,0.367
"1544","20151.14",1544,80843435,0.122
"1545","20151.14",1545,80886560,0.246
"1546","20151.14",1546,80925073,-0.005
"1547","20151.14",1547,80959804,0.173
"1548","20151.14",1548,80992500,0.403
"1549","20151.14",1549,81042837,0.479
"1550","20151.14",1550,81074954,0.173
"1551","20151.14",1551,81115900,0.096
"1552","20151.14",1552,81154646,0.406
"1553","20151.14",1553,81193364,-0.096
"1554","20151.14",1554,81249332,0.196
"1555","20151.14",1555,81280397,0.012
"1556","20151.14",1556,81320561,0.111
"1557","20151.14",1557,81363818,0.112
"1558","20151.14",1558,81400101,0.39
"1559","20151.14",1559,81431686,0.084
"1560","20151.14",1560,81470758,0.245
"1561","20151.14",1561,81529929,0.035
"1562","20151.14",1562,81557285,0.298
"1563","20151.14",1563,81595477,-0.005
"1564","20151.14",1564,81649533,0.333
"1565","20151.14",1565,81672617,-0.224
"1566","20151.14",1566,81726100,-0.087
"1567","20151.14",1567,81757073,0.304
"1568","20151.14",1568,81800841,0.04
"1569","20151.14",1569,81836571,0.015
"1570","20151.14",1570,81879768,-0.418
"1571","20151.14",1571,81923296,0.217
"1572","20151.14",1572,81960635,-0.151
"1573","20151.14",1573,82002786,-0.035
"1574","20151.14",1574,82043222,0.14
"1575","20151.14",1575,82085972,-0.083
"1576","20151.14",1576,82111110,0.107
"1577","20151.14",1577,82169324,0.379
"1578","20151.14",1578,82194604,-0.024
"1579","20151.14",1579,82240840,0.052
"1580","20151.14",1580,82272821,0.068
"1581","20151.14",1581,82324519,0.103
"1582","20151.14",1582,82351963,-0.244
"1583","20151.14",1583,82400223,0.047
"1584","20151.14",1584,82437254,0.019
"1585","20151.14",1585,82474836,0.532
"1586","20151.14",1586,82515341,0.231
"1587","20151.14",1587,82562768,0.081
"1588","20151.14",1588,82598871,0.356
"1589","20151.14",1589,82640874,0.093
"1590","20151.14",1590,82684602,0.382
"1591","20151.14",1591,82726821,0.323
"1592","20151.14",1592,82759466,-0.016
"1593","20151.14",1593,82797235,-0.176
"1594","20151.14",1594,82835688,-0.141
"1595","20151.14",1595,82878051,-0.032
"1596","20151.14",1596,82921046,-0.014
"1597","20151.14",1597,82968050,-0.204
"1598","20151.14",1598,82994218,-0.017
"1599","20151.14",1599,83030627,0.15
"1600","20151.14",1600,83077913,0.366
"1601","20151.14",1601,83116179,0.094
"1602","20151.14",1602,83157070,0.003
"1603","20151.14",1603,83203413,-0.014
"1604","20151.14",1604,83230861,-0.089
"1605","20151.14",1605,83271339,0.014
"1606","20151.14",1606,83327120,-0.246
"1607","20151.14",1607,83353089,-0.18
"1608","20151.14",1608,83406679,-0.222
"1609","20151.14",1609,83434735,0.02
"1610","20151.14",1610,83472764,0.243
"1611","20151.14",1611,83524718,0.196
"1612","20151.14",1612,83552060,-0.071
"1613","20151.14",1613,83608934,-0.012
"1614","20151.14",1614,83633701,0.047
"1615","20151.14",1615,83672608,0.326
"1616","20151.14",1616,83720765,0.162
"1617","20151.14",1617,83760046,0.039
"1618","20151.14",1618,83793358,-0.019
"1619","20151.14",1619,83842736,0.176
"1620","20151.14",1620,83880363,-0.031
"1621","20151.14",1621,83911882,-0.039
"1622","20151.14",1622,83957802,0.475
"1623","20151.14",1623,83992733,0.418
"1624","20151.14",1624,84040165,0.346
"1625","20151.14",1625,84079425,0.197
"1626","20151.14",1626,84124633,0.023
"1627","20151.14",1627,84161937,0.088
"1628","20151.14",1628,84201522,0.066
"1629","20151.14",1629,84236457,0.337
"1630","20151.14",1630,84276105,0.315
"1631","20151.14",1631,84323512,0.142
"1632","20151.14",1632,84366139,0.367
"1633","20151.14",1633,84391250,0.176
"1634","20151.14",1634,84432596,-0.105
"1635","20151.14",1635,84489854,0.167
"1636","20151.14",1636,84511758,0.148
"1637","20151.14",1637,84563532,-0.194
"1638","20151.14",1638,84602651,-0.007
"1639","20151.14",1639,84639270,-0.052
"1640","20151.14",1640,84673291,-0.072
"1641","20151.14",1641,84722148,-0.199
"1642","20151.14",1642,84758269,0.123
"1643","20151.14",1643,84795328,0.23
"1644","20151.14",1644,84841463,0.063
"1645","20151.14",1645,84870520,-0.237
"1646","20151.14",1646,84917206,0.069
"1647","20151.14",1647,84953992,-0.093
"1648","20151.14",1648,84999583,0.044
"1649","20151.14",1649,85048205,-0.178
"1650","20151.14",1650,85073227,0.136
"1651","20151.14",1651,85123729,-0.107
"1652","20151.14",1652,85154205,0.406
"1653","20151.14",1653,85197218,-0.079
"1654","20151.14",1654,85247138,0.147
"1655","20151.14",1655,85288140,-0.11
"1656","20151.14",1656,85315155,-0.119
"1657","20151.14",1657,85363561,0.315
"1658","20151.14",1658,85406135,-0.043
"1659","20151.14",1659,85445335,0.189
"1660","20151.14",1660,85478543,-0.136
"1661","20151.14",1661,85521799,0.133
"1662","20151.14",1662,85551956,0.399
"1663","20151.14",1663,85597390,0.065
"1664","20151.14",1664,85632318,0.126
"1665","20151.14",1665,85685912,0.326
"1666","20151.14",1666,85710334,-0.085
"1667","20151.14",1667,85769790,0.492
"1668","20151.14",1668,85801561,-0.209
"1669","20151.14",1669,85832136,-0.243
"1670","20151.14",1670,85873891,0.556
"1671","20151.14",1671,85928899,-0.054
"1672","20151.14",1672,85959871,0.226
"1673","20151.14",1673,86002454,-0.281
"1674","20151.14",1674,86042497,0.45
"1675","20151.14",1675,86082965,-0.034
"1676","20151.14",1676,86110705,0.282
"1677","20151.14",1677,86160087,0.151
"1678","20151.14",1678,86208625,0.213
"1679","20151.14",1679,86239138,0.476
"1680","20151.14",1680,86277746,0.116
"1681","20151.14",1681,86325316,-0.119
"1682","20151.14",1682,86367555,-0.107
"1683","20151.14",1683,86393470,0.441
"1684","20151.14",1684,86447566,-0.174
"1685","20151.14",1685,86478936,0.213
"1686","20151.14",1686,86519852,0.06
"1687","20151.14",1687,86569501,-0.124
"1688","20151.14",1688,86609450,0.172
"1689","20151.14",1689,86646425,0.3
"1690","20151.14",1690,86683735,-0.04
"1691","20151.14",1691,86721282,-0.038
"1692","20151.14",1692,86757373,0.189
"1693","20151.14",1693,86794411,0.236
"1694","20151.14",1694,86833458,0.158
"1695","20151.14",1695,86885615,-0.046
"1696","20151.14",1696,86923318,-0.065
"1697","20151.14",1697,86966379,0.229
"1698","20151.14",1698,87008728,0.131
"1699","20151.14",1699,87040924,0.119
"1700","20151.14",1700,87071185,0.264
"1701","20151.14",1701,87121317,-0.094
"1702","20151.14",1702,87165636,-0.117
"1703","20151.14",1703,87197562,0.249
"1704","20151.14",1704,87247685,0.067
"1705","20151.14",1705,87284749,-0.029
"1706","20151.14",1706,87310448,-0.283
"1707","20151.14",1707,87357246,0.32
"1708","20151.14",1708,87405274,0.081
"1709","20151.14",1709,87437566,0.289
"1710","20151.14",1710,87473666,0.087
"1711","20151.14",1711,87527675,0.105
"1712","20151.14",1712,87566713,-0.135
"1713","20151.14",1713,87601032,-0.058
"1714","20151.14",1714,87644213,-0.348
"1715","20151.14",1715,87683775,0.043
"1716","20151.14",1716,87721462,-0.156
"1717","20151.14",1717,87769319,0.065
"1718","20151.14",1718,87790290,0.333
"1719","20151.14",1719,87845353,0.19
"1720","20151.14",1720,87871780,0.34
"1721","20151.14",1721,87921732,0.404
"1722","20151.14",1722,87951186,0.257
"1723","20151.14",1723,87995323,0.522
"1724","20151.14",1724,88045321,0.265
"1725","20151.14",1725,88086827,0.031
"1726","20151.14",1726,88124120,-0.145
"1727","20151.14",1727,88169200,0.271
"1728","20151.14",1728,88197574,-0.409
"1729","20151.14",1729,88232724,0.309
"1730","20151.14",1730,88280479,0.128
"1731","20151.14",1731,88315655,0.278
"1732","20151.14",1732,88360047,-0.084
"1733","20151.14",1733,88402244,0.251
"1734","20151.14",1734,88443872,0.083
"1735","20151.14",1735,88478590,-0.401
"1736","20151.14",1736,88511667,-0.131
"1737","20151.14",1737,88556449,0.418
"1738","20151.14",1738,88605341,0.003
"1739","20151.14",1739,88643652,0.239
"1740","20151.14",1740,88681140,0.222
"1741","20151.14",1741,88723463,0.067
"1742","20151.14",1742,88759594,0.268
"1743","20151.14",1743,88809124,0.011
"1744","20151.14",1744,88848711,0.002
"1745","20151.14",1745,88889366,0.07
"1746","20151.14",1746,88921745,0.084
"1747","20151.14",1747,88962343,-0.028
"1748","20151.14",1748,89004723,0.224
"1749","20151.14",1749,89049261,-0.037
"1750","20151.14",1750,89081930,0.151
"1751","20151.14",1751,89118794,0.022
"1752","20151.14",1752,89166886,-0.068
"1753","20151.14",1753,89200982,0.077
"1754","20151.14",1754,89238516,0.087
"1755","20151.14",1755,89285224,0.131
"1756","20151.14",1756,89329686,-0.047
"1757","20151.14",1757,89358324,-0.03
"1758","20151.14",1758,89398268,0.039
"1759","20151.14",1759,89441713,0.551
"1760","20151.14",1760,89478593,0.232
"1761","20151.14",1761,89525735,0.121
"1762","20151.14",1762,89557252,-0.025
"1763","20151.14",1763,89602099,0.182
"1764","20151.14",1764,89649589,0.148
"1765","20151.14",1765,89682358,0
"1766","20151.14",1766,89723017,0.404
"1767","20151.14",1767,89756661,0.181
"1768","20151.14",1768,89796581,0.129
"1769","20151.14",1769,89837611,-0.01
"1770","20151.14",1770,89887053,-0.244
"1771","20151.14",1771,89916798,0.188
"1772","20151.14",1772,89955618,0.245
"1773","20151.14",1773,90001907,0.29
"1774","20151.14",1774,90031706,0.262
"1775","20151.14",1775,90079734,0.07
"1776","20151.14",1776,90120406,0.145
"1777","20151.14",1777,90165888,-0.277
"1778","20151.14",1778,90204120,0.561
"1779","20151.14",1779,90236511,0.237
"1780","20151.14",1780,90275407,0.001
"1781","20151.14",1781,90313295,0.321
"1782","20151.14",1782,90366175,0.167
"1783","20151.14",1783,90401188,-0.147
"1784","20151.14",1784,90447879,-0.018
"1785","20151.14",1785,90482881,-0.169
"1786","20151.14",1786,90513241,0.011
"1787","20151.14",1787,90561667,0.173
"1788","20151.14",1788,90599178,0.01
"1789","20151.14",1789,90645566,0.123
"1790","20151.14",1790,90682978,-0.195
"1791","20151.14",1791,90726532,-0.128
"1792","20151.14",1792,90769847,-0.445
"1793","20151.14",1793,90790500,0.155
"1794","20151.14",1794,90834148,0.22
"1795","20151.14",1795,90872335,-0.24
"1796","20151.14",1796,90914346,0.051
"1797","20151.14",1797,90961182,-0.335
"1798","20151.14",1798,91002954,-0.212
"1799","20151.14",1799,91038938,0.112
"1800","20151.14",1800,91071122,0.209
"1801","20151.14",1801,91115974,0.107
"1802","20151.14",1802,91165315,0.419
"1803","20151.14",1803,91208024,0.126
"1804","20151.14",1804,91247895,-0.226
"1805","20151.14",1805,91276743,-0.002
"1806","20151.14",1806,91325443,0.039
"1807","20151.14",1807,91362728,0.081
"1808","20151.14",1808,91400223,-0.129
"1809","20151.14",1809,91436262,-0.103
"1810","20151.14",1810,91477300,0.095
"1811","20151.14",1811,91522510,-0.111
"1812","20151.14",1812,91568577,0.252
"1813","20151.14",1813,91604375,0.317
"1814","20151.14",1814,91632459,0.003
"1815","20151.14",1815,91690077,0.183
"1816","20151.14",1816,91710624,-0.351
"1817","20151.14",1817,91769050,-0.007
"1818","20151.14",1818,91797631,-0.239
"1819","20151.14",1819,91846833,-0.115
"1820","20151.14",1820,91877242,0.177
"1821","20151.14",1821,91928241,0.289
"1822","20151.14",1822,91951556,0.5
"1823","20151.14",1823,91990364,-0.032
"1824","20151.14",1824,92048428,-0.041
"1825","20151.14",1825,92086582,0.087
"1826","20151.14",1826,92113077,0.03
"1827","20151.14",1827,92152077,0.318
"1828","20151.14",1828,92199848,0.452
"1829","20151.14",1829,92239087,0.37
"1830","20151.14",1830,92279719,0.148
"1831","20151.14",1831,92326920,0.231
"1832","20151.14",1832,92353129,0.083
"1833","20151.14",1833,92397264,-0.205
"1834","20151.14",1834,92446104,0.324
"1835","20151.14",1835,92488902,0.015
"1836","20151.14",1836,92529966,0.376
"1837","20151.14",1837,92569374,0.277
"1838","20151.14",1838,92600340,0.335
"1839","20151.14",1839,92638230,0.1
"1840","20151.14",1840,92681746,-0.214
"1841","20151.14",1841,92726211,0.214
"1842","20151.14",1842,92759577,-0.197
"1843","20151.14",1843,92809557,0.105
"1844","20151.14",1844,92839130,0.031
"1845","20151.14",1845,92874610,0.369
"1846","20151.14",1846,92912015,0.303
"1847","20151.14",1847,92950527,0.16
"1848","20151.14",1848,93009544,-0.004
"1849","20151.14",1849,93048512,0.185
"1850","20151.14",1850,93074791,0.355
"1851","20151.14",1851,93128895,0.062
"1852","20151.14",1852,93167180,-0.071
"1853","20151.14",1853,93205643,-0.28
"1854","20151.14",1854,93243199,-0.222
"1855","20151.14",1855,93281487,0.03
"1856","20151.14",1856,93326956,0.124
"1857","20151.14",1857,93355592,0.01
"1858","20151.14",1858,93391395,-0.849
"1859","20151.14",1859,93443766,0.08
"1860","20151.14",1860,93472080,0.072
"1861","20151.14",1861,93514846,0.174
"1862","20151.14",1862,93562685,-0.233
"1863","20151.14",1863,93595568,-0.216
"1864","20151.14",1864,93645163,0.088
"1865","20151.14",1865,93678839,-0.055
"1866","20151.14",1866,93723146,0.051
"1867","20151.14",1867,93765467,-0.131
"1868","20151.14",1868,93796520,-0.479
"1869","20151.14",1869,93846887,0.122
"1870","20151.14",1870,93874141,0.086
"1871","20151.14",1871,93915337,0.2
"1872","20151.14",1872,93962075,-0.173
"1873","20151.14",1873,94003300,-0.169
"1874","20151.14",1874,94041143,0.122
"1875","20151.14",1875,94086628,0.469
"1876","20151.14",1876,94111806,0.406
"1877","20151.14",1877,94160266,-0.181
"1878","20151.14",1878,94191061,0.053
"1879","20151.14",1879,94242509,-0.167
"1880","20151.14",1880,94283173,-0.253
"1881","20151.14",1881,94317560,0.04
"1882","20151.14",1882,94361385,0.291
"1883","20151.14",1883,94390520,-0.54
"1884","20151.14",1884,94440699,0.287
"1885","20151.14",1885,94481727,-0.195
"1886","20151.14",1886,94524177,-0.017
"1887","20151.14",1887,94562413,0.462
"1888","20151.14",1888,94593786,-0.038
"1889","20151.14",1889,94645835,-0.011
"1890","20151.14",1890,94673584,0.231
"1891","20151.14",1891,94713215,-0.282
"1892","20151.14",1892,94753682,0.124
"1893","20151.14",1893,94794399,-0.024
"1894","20151.14",1894,94842288,0.4
"1895","20151.14",1895,94887662,0.153
"1896","20151.14",1896,94913384,-0.048
"1897","20151.14",1897,94965322,0.277
"1898","20151.14",1898,94997331,0.314
"1899","20151.14",1899,95043290,-0.01
"1900","20151.14",1900,95084894,0.007
"1901","20151.14",1901,95111784,-0.088
"1902","20151.14",1902,95169097,0.129
"1903","20151.14",1903,95195617,-0.142
"1904","20151.14",1904,95231283,-0.518
"1905","20151.14",1905,95282860,-0.023
"1906","20151.14",1906,95321605,0.429
"1907","20151.14",1907,95368158,-0.097
"1908","20151.14",1908,95393517,0.196
"1909","20151.14",1909,95442141,0.048
"1910","20151.14",1910,95486652,0.014
"1911","20151.14",1911,95510717,-0.412
"1912","20151.14",1912,95557017,0.086
"1913","20151.14",1913,95601533,-0.3
"1914","20151.14",1914,95646462,0.089
"1915","20151.14",1915,95681984,0.172
"1916","20151.14",1916,95715548,0.208
"1917","20151.14",1917,95767045,-0.013
"1918","20151.14",1918,95804246,-0.078
"1919","20151.14",1919,95843843,-0.073
"1920","20151.14",1920,95879428,-0.014
"1921","20151.14",1921,95929797,-0.467
"1922","20151.14",1922,95969058,-0.05
"1923","20151.14",1923,95991912,-0.41
"1924","20151.14",1924,96033519,-0.26
"1925","20151.14",1925,96072908,0.227
"1926","20151.14",1926,96124045,0.084
"1927","20151.14",1927,96153804,-0.806
"1928","20151.14",1928,96209802,0.162
"1929","20151.14",1929,96249585,0.212
"1930","20151.14",1930,96273942,-0.17
"1931","20151.14",1931,96325383,0.1
"1932","20151.14",1932,96357940,-0.154
"1933","20151.14",1933,96401509,-0.153
"1934","20151.14",1934,96449805,-0.117
"1935","20151.14",1935,96485371,0.192
"1936","20151.14",1936,96521158,0.021
"1937","20151.14",1937,96560370,-0.345
"1938","20151.14",1938,96602144,-0.146
"1939","20151.14",1939,96636437,0.149
"1940","20151.14",1940,96674158,-0.074
"1941","20151.14",1941,96713997,-0.172
"1942","20151.14",1942,96761173,-0.168
"1943","20151.14",1943,96801433,0.345
"1944","20151.14",1944,96842574,-0.392
"1945","20151.14",1945,96889286,-0.27
"1946","20151.14",1946,96926589,0.223
"1947","20151.14",1947,96966262,-0.116
"1948","20151.14",1948,97006671,-0.216
"1949","20151.14",1949,97032791,0.114
"1950","20151.14",1950,97088126,0.402
"1951","20151.14",1951,97128187,-0.178
"1952","20151.14",1952,97167323,-0.025
"1953","20151.14",1953,97193378,0.024
"1954","20151.14",1954,97247634,0.229
"1955","20151.14",1955,97288070,0.185
"1956","20151.14",1956,97324139,-0.219
"1957","20151.14",1957,97364531,0.217
"1958","20151.14",1958,97403855,-0.158
"1959","20151.14",1959,97449553,0.208
"1960","20151.14",1960,97476688,-0.051
"1961","20151.14",1961,97523785,0.264
"1962","20151.14",1962,97550826,0.106
"1963","20151.14",1963,97597478,0.16
"1964","20151.14",1964,97645197,0.217
"1965","20151.14",1965,97673965,0.102
"1966","20151.14",1966,97720351,0.038
"1967","20151.14",1967,97761169,-0.028
"1968","20151.14",1968,97793918,0.277
"1969","20151.14",1969,97840556,0.104
"1970","20151.14",1970,97870557,0.039
"1971","20151.14",1971,97919109,0.05
"1972","20151.14",1972,97967826,-0.011
"1973","20151.14",1973,98002922,0.096
"1974","20151.14",1974,98030533,0.325
"1975","20151.14",1975,98084918,0.066
"1976","20151.14",1976,98128497,0.026
"1977","20151.14",1977,98155552,-0.162
"1978","20151.14",1978,98194031,0.196
"1979","20151.14",1979,98242687,-0.029
"1980","20151.14",1980,98279086,0.309
"1981","20151.14",1981,98326589,0.087
"1982","20151.14",1982,98358382,0.015
"1983","20151.14",1983,98401630,0.195
"1984","20151.14",1984,98434109,-0.04
"1985","20151.14",1985,98486483,0.06
"1986","20151.14",1986,98523521,-0.063
"1987","20151.14",1987,98561714,-0.045
"1988","20151.14",1988,98601842,-0.305
"1989","20151.14",1989,98644907,0.215
"1990","20151.14",1990,98685010,0.096
"1991","20151.14",1991,98730081,0.233
"1992","20151.14",1992,98764681,-0.142
"1993","20151.14",1993,98807360,-0.226
"1994","20151.14",1994,98842813,0.397
"1995","20151.14",1995,98876564,0.216
"1996","20151.14",1996,98911894,-0.437
"1997","20151.14",1997,98965706,0.489
"1998","20151.14",1998,98998427,0.134
"1999","20151.14",1999,99034610,-0.014
"2000","20151.14",2000,99071906,0.061
"2001","20151.14",2001,99115095,0.044
"2002","20151.14",2002,99161249,0.304
"2003","20151.14",2003,99197672,-0.303
"2004","20151.14",2004,99245545,-0.12
"2005","20151.14",2005,99275936,0.009
"2006","20151.14",2006,99310846,0.098
"2007","20151.14",2007,99369141,0.27
"2008","20151.14",2008,99400051,0.236
"2009","20151.14",2009,99432423,0.367
"2010","20151.14",2010,99487798,0.069
"2011","20151.14",2011,99519745,-0.051
"2012","20151.14",2012,99551391,0.214
"2013","20151.14",2013,99590488,0.122
"2014","20151.14",2014,99630752,-0.372
"2015","20151.14",2015,99677216,-0.2
"2016","20151.14",2016,99729927,-0.097
"2017","20151.14",2017,99757505,-0.074
"2018","20151.14",2018,99804920,-0.161
"2019","20151.14",2019,99843555,-0.443
"2020","20151.14",2020,99888937,0.09
"2021","20151.14",2021,99927491,0.067
"2022","20151.14",2022,99953129,-0.16
"2023","20151.14",2023,100008731,-0.326
"2024","20151.14",2024,100031541,-0.317
"2025","20151.14",2025,100082406,0.063
"2026","20151.14",2026,100125009,-1.855
"2027","20151.14",2027,100163755,0.246
"2028","20151.14",2028,100192347,-0.259
"2029","20151.14",2029,100247317,-0.072
"2030","20151.14",2030,100286684,-0.345
"2031","20151.14",2031,100322177,0.367
"2032","20151.14",2032,100351303,0.223
"2033","20151.14",2033,100394912,-0.229
"2034","20151.14",2034,100431558,-0.367
"2035","20151.14",2035,100487473,-0.199
"2036","20151.14",2036,100515618,-0.17
"2037","20151.14",2037,100563102,-0.009
"2038","20151.14",2038,100595423,0.024
"2039","20151.14",2039,100631267,-0.228
"2040","20151.14",2040,100689776,-0.249
"2041","20151.14",2041,100713024,0.002
"2042","20151.14",2042,100764329,-0.538
"2043","20151.14",2043,100807828,-0.232
"2044","20151.14",2044,100833099,-0.299
"2045","20151.14",2045,100889532,0.035
"2046","20151.14",2046,100918266,-0.084
"2047","20151.14",2047,100960927,0.322
"2048","20151.14",2048,100991778,0.106
"2049","20151.14",2049,101049187,-0.175
"2050","20151.14",2050,101079813,-0.023
"2051","20151.14",2051,101113210,-0.19
"2052","20151.14",2052,101150499,-0.092
"2053","20151.14",2053,101205803,-0.355
"2054","20151.14",2054,101233792,0.224
"2055","20151.14",2055,101289206,-0.531
"2056","20151.14",2056,101315194,0.331
"2057","20151.14",2057,101363704,-0.174
"2058","20151.14",2058,101395819,-0.057
"2059","20151.14",2059,101445334,0.243
"2060","20151.14",2060,101476319,0.405
"2061","20151.14",2061,101524704,-0.043
"2062","20151.14",2062,101552457,0.132
"2063","20151.14",2063,101594440,0.213
"2064","20151.14",2064,101644610,-0.073
"2065","20151.14",2065,101679646,0.014
"2066","20151.14",2066,101722515,0.175
"2067","20151.14",2067,101758997,0.3
"2068","20151.14",2068,101802456,-0.105
"2069","20151.14",2069,101850214,0.358
"2070","20151.14",2070,101879192,0.183
"2071","20151.14",2071,101910574,-0.181
"2072","20151.14",2072,101954324,0.326
"2073","20151.14",2073,101997554,-0.2
"2074","20151.14",2074,102039267,0.194
"2075","20151.14",2075,102072075,0.241
"2076","20151.14",2076,102129927,0.05
"2077","20151.14",2077,102161627,-0.434
"2078","20151.14",2078,102205153,0.289
"2079","20151.14",2079,102232651,0.257
"2080","20151.14",2080,102284346,0.354
"2081","20151.14",2081,102317866,0.063
"2082","20151.14",2082,102365562,0.368
"2083","20151.14",2083,102400171,-0.016
"2084","20151.14",2084,102446068,-0.08
"2085","20151.14",2085,102482148,-0.254
"2086","20151.14",2086,102516782,-0.002
"2087","20151.14",2087,102551040,-0.432
"2088","20151.14",2088,102597823,0.096
"2089","20151.14",2089,102633098,-0.252
"2090","20151.14",2090,102670600,-0.03
"2091","20151.14",2091,102724700,0.138
"2092","20151.14",2092,102767884,0.154
"2093","20151.14",2093,102805692,-0.094
"2094","20151.14",2094,102837358,-0.176
"2095","20151.14",2095,102874723,0.314
"2096","20151.14",2096,102915891,0.083
"2097","20151.14",2097,102950708,0.072
"2098","20151.14",2098,102998917,0.026
"2099","20151.14",2099,103041141,-0.125
"2100","20151.14",2100,103070744,-0.302
"2101","20151.14",2101,103112497,0.025
"2102","20151.14",2102,103164819,0.26
"2103","20151.14",2103,103200098,0.291
"2104","20151.14",2104,103234855,0.382
"2105","20151.14",2105,103290004,0.229
"2106","20151.14",2106,103316199,0.272
"2107","20151.14",2107,103367188,-0.315
"2108","20151.14",2108,103392627,-0.005
"2109","20151.14",2109,103434716,0.301
"2110","20151.14",2110,103475968,0.067
"2111","20151.14",2111,103520862,0.24
"2112","20151.14",2112,103562149,-0.9
"2113","20151.14",2113,103608412,-0.875
"2114","20151.14",2114,103640465,-0.052
"2115","20151.14",2115,103684070,-0.12
"2116","20151.14",2116,103721049,0.292
"2117","20151.14",2117,103751573,-0.295
"2118","20151.14",2118,103796178,-0.204
"2119","20151.14",2119,103844765,0.196
"2120","20151.14",2120,103871120,0.403
"2121","20151.14",2121,103919486,0.09
"2122","20151.14",2122,103957831,0.38
"2123","20151.14",2123,103997070,-1.379
"2124","20151.14",2124,104034212,0.12
"2125","20151.14",2125,104071814,-0.043
"2126","20151.14",2126,104124134,0.179
"2127","20151.14",2127,104151115,-0.006
"2128","20151.14",2128,104194988,-0.578
"2129","20151.14",2129,104240116,-0.057
"2130","20151.14",2130,104272983,-0.23
"2131","20151.14",2131,104320263,-0.27
"2132","20151.14",2132,104360158,0.043
"2133","20151.14",2133,104401453,-0.116
"2134","20151.14",2134,104448263,0.22
"2135","20151.14",2135,104482556,0.416
"2136","20151.14",2136,104523510,0.297
"2137","20151.14",2137,104554461,-0.273
"2138","20151.14",2138,104593315,-0.108
"2139","20151.14",2139,104634074,0.238
"2140","20151.14",2140,104680292,-0.219
"2141","20151.14",2141,104725828,-0.197
"2142","20151.14",2142,104756279,-0.46
"2143","20151.14",2143,104805042,0.4
"2144","20151.14",2144,104844394,0.074
"2145","20151.14",2145,104883143,-0.115
"2146","20151.14",2146,104923224,-0.11
"2147","20151.14",2147,104949631,0.305
"2148","20151.14",2148,104996671,0.075
"2149","20151.14",2149,105033897,-0.586
"2150","20151.14",2150,105087191,-0.312
"2151","20151.14",2151,105110545,-0.44
"2152","20151.14",2152,105151240,-0.386
"2153","20151.14",2153,105203473,-0.42
"2154","20151.14",2154,105233053,0.127
"2155","20151.14",2155,105277127,-0.174
"2156","20151.14",2156,105315802,-0.061
"2157","20151.14",2157,105366742,0.055
"2158","20151.14",2158,105407432,-0.097
"2159","20151.14",2159,105447577,-0.355
"2160","20151.14",2160,105476916,0.078
"2161","20151.14",2161,105511017,-0.626
"2162","20151.14",2162,105565359,-0.332
"2163","20151.14",2163,105591441,-0.025
"2164","20151.14",2164,105643213,0.203
"2165","20151.14",2165,105688762,-0.354
"2166","20151.14",2166,105711085,-0.363
"2167","20151.14",2167,105761199,-0.338
"2168","20151.14",2168,105807606,-0.413
"2169","20151.14",2169,105837801,-0.193
"2170","20151.14",2170,105872341,-0.303
"2171","20151.14",2171,105909625,-0.457
"2172","20151.14",2172,105958299,-0.43
"2173","20151.14",2173,105991073,-0.03
"2174","20151.14",2174,106041569,-0.513
"2175","20151.14",2175,106080346,-0.229
"2176","20151.14",2176,106125243,-0.23
"2177","20151.14",2177,106162847,-0.248
"2178","20151.14",2178,106194824,-0.009
"2179","20151.14",2179,106248720,0.447
"2180","20151.14",2180,106274225,0.412
"2181","20151.14",2181,106314840,0.223
"2182","20151.14",2182,106353514,0.024
"2183","20151.14",2183,106389015,0.024
"2184","20151.14",2184,106445993,0.318
"2185","20151.14",2185,106474627,0.354
"2186","20151.14",2186,106521016,-0.515
"2187","20151.14",2187,106556988,-0.187
"2188","20151.14",2188,106604359,0.009
"2189","20151.14",2189,106632997,0.107
"2190","20151.14",2190,106680474,0.183
"2191","20151.14",2191,106718582,0.29
"2192","20151.14",2192,106752589,-0.034
"2193","20151.14",2193,106790297,-0.006
"2194","20151.14",2194,106844100,-0.12
"2195","20151.14",2195,106879307,0.292
"2196","20151.14",2196,106925604,-0.292
"2197","20151.14",2197,106965474,-0.13
"2198","20151.14",2198,107001830,-0.34
"2199","20151.14",2199,107036117,0.206
"2200","20151.14",2200,107080627,0.26
"2201","20151.14",2201,107113561,-0.077
"2202","20151.14",2202,107163549,0.345
"2203","20151.14",2203,107208361,0.108
"2204","20151.14",2204,107244757,-0.231
"2205","20151.14",2205,107278229,0.047
