"","position","logratio"
"63913",28046,-0.303
"63914",65214,-0.388
"63915",90463,-0.256
"63916",149641,-0.273
"63917",180225,-0.424
"63918",213532,-0.876
"63919",251782,-0.612
"63920",296785,-0.771
"63921",341651,-0.353
"63922",389168,-0.633
"63923",421626,-0.243
"63924",450760,-0.573
"63925",495809,-0.374
"63926",534089,-0.664
"63927",588657,-0.661
"63928",616355,-0.933
"63929",654458,-0.538
"63930",702301,-0.771
"63931",731291,-0.612
"63932",783973,-0.638
"63933",822374,-1.009
"63934",868503,-0.598
"63935",905964,-0.588
"63936",944307,-0.706
"63937",984086,-0.554
"63938",1029002,-0.245
"63939",1058198,-0.541
"63940",1102297,-0.711
"63941",1143548,-0.686
"63942",1180577,-0.501
"63943",1216818,-0.897
"63944",1264330,-0.628
"63945",1296416,-0.845
"63946",1341898,-0.736
"63947",1384373,-0.616
"63948",1420482,-0.598
"63949",1466439,-0.672
"63950",1506795,-1.068
"63951",1530352,-0.364
"63952",1575308,-0.599
"63953",1611510,-0.509
"63954",1669460,-0.45
"63955",1700450,-0.561
"63956",1731064,-0.634
"63957",1776718,-0.189
"63958",1824986,-0.27
"63959",1856933,-0.569
"63960",1891948,-0.601
"63961",1947481,-0.623
"63962",1975231,-0.576
"63963",2011317,-0.765
"63964",2058163,-0.626
"63965",2102643,0.06
"63966",2143698,-0.639
"63967",2189499,-0.715
"63968",2227299,-0.555
"63969",2259431,-0.54
"63970",2293152,-0.53
"63971",2339138,-0.164
"63972",2382116,-0.319
"63973",2412800,-0.567
"63974",2455325,-0.12
"63975",2499354,-0.792
"63976",2533761,-0.56
"63977",2575957,-0.431
"63978",2611257,-0.13
"63979",2668419,-0.734
"63980",2698373,-0.556
"63981",2734444,-0.252
"63982",2785872,-0.732
"63983",2818438,-0.349
"63984",2863204,-0.41
"63985",2909229,-0.445
"63986",2942343,-0.738
"63987",2988065,-0.592
"63988",3024191,-0.922
"63989",3058705,-0.368
"63990",3090557,-0.542
"63991",3139007,-0.812
"63992",3183347,-0.262
"63993",3214540,-0.562
"63994",3262731,-0.786
"63995",3305609,-0.488
"63996",3345493,-0.736
"63997",3380417,-0.791
"63998",3411076,-0.507
"63999",3460104,-0.616
"64000",3498802,-0.811
"64001",3548445,-0.291
"64002",3571872,-0.723
"64003",3629998,-0.963
"64004",3650207,-0.534
"64005",3705275,-0.593
"64006",3739263,-0.331
"64007",3784749,-0.804
"64008",3823458,-0.686
"64009",3855132,-0.475
"64010",3907103,-0.755
"64011",3946017,-0.821
"64012",3970833,-0.544
"64013",4016586,-0.428
"64014",4051151,-0.968
"64015",4107422,-0.514
"64016",4149384,-0.68
"64017",4183113,-0.583
"64018",4227413,-0.542
"64019",4264074,-0.421
"64020",4303016,-0.811
"64021",4344820,-0.41
"64022",4381779,-0.811
"64023",4420882,-0.792
"64024",4463850,-0.567
"64025",4506449,0.026
"64026",4548851,-0.23
"64027",4581008,-0.213
"64028",4612649,-0.554
"64029",4661949,-0.645
"64030",4692900,-0.223
"64031",4731662,-0.51
"64032",4770566,-0.421
"64033",4820316,-0.291
"64034",4857022,-0.22
"64035",4906984,-0.43
"64036",4935043,-0.558
"64037",4983595,-0.078
"64038",5019616,0.261
"64039",5056055,-0.336
"64040",5099606,0.172
"64041",5140410,-0.104
"64042",5174313,-0.009
"64043",5211606,-0.24
"64044",5268196,0.044
"64045",5303303,-0.099
"64046",5340629,-0.095
"64047",5374060,-0.422
"64048",5420788,-0.267
"64049",5457893,-0.155
"64050",5509431,-0.172
"64051",5535188,-0.128
"64052",5577322,-0.08
"64053",5618041,-0.037
"64054",5668463,-0.373
"64055",5707544,0.14
"64056",5741756,1.011
"64057",5774682,1
"64058",5810057,0.879
"64059",5859413,1.142
"64060",5892808,0.811
"64061",5937642,0.667
"64062",5987847,0.932
"64063",6017396,0.617
"64064",6067339,0.539
"64065",6098224,0.696
"64066",6131862,0.563
"64067",6184169,1.12
"64068",6220284,0.94
"64069",6266282,0.599
"64070",6292109,0.068
"64071",6331415,-0.058
"64072",6387019,-0.153
"64073",6429681,-0.201
"64074",6467114,-0.299
"64075",6491142,-0.142
"64076",6548827,-0.353
"64077",6573752,-0.105
"64078",6612052,-0.227
"64079",6652905,-0.293
"64080",6701486,-0.452
"64081",6743277,-0.249
"64082",6787996,-0.323
"64083",6823792,-0.427
"64084",6852289,-0.482
"64085",6905376,0.115
"64086",6944953,-0.244
"64087",6988716,-0.463
"64088",7020043,1.735
"64089",7068333,1.362
"64090",7109043,1.413
"64091",7140609,1.336
"64092",7186635,1.544
"64093",7226081,1.205
"64094",7260167,1.193
"64095",7296898,1.228
"64096",7332095,1.642
"64097",7375366,1.27
"64098",7420278,0.531
"64099",7461918,1.805
"64100",7498337,1.477
"64101",7536762,1.532
"64102",7580794,0.819
"64103",7613355,1.113
"64104",7660774,1.75
"64105",7707963,1.997
"64106",7739624,1.73
"64107",7782495,1.567
"64108",7826772,1.542
"64109",7854983,1.938
"64110",7901132,1.66
"64111",7949943,0.861
"64112",7977056,0.919
"64113",8024249,0.83
"64114",8064250,0.913
"64115",8096726,0.963
"64116",8138195,-0.11
"64117",8170578,-0.282
"64118",8218876,-0.254
"64119",8259858,-0.124
"64120",8300366,-0.535
"64121",8343447,-0.451
"64122",8389479,-0.428
"64123",8410393,-0.581
"64124",8457212,-0.241
"64125",8495081,-0.583
"64126",8543416,-0.225
"64127",8576764,-0.103
"64128",8627272,-0.449
"64129",8660502,-0.219
"64130",8692973,0.181
"64131",8744816,0.176
"64132",8783566,-0.424
"64133",8816395,-0.337
"64134",8862455,-0.674
"64135",8897817,-0.467
"64136",8945701,-0.399
"64137",8987903,-0.936
"64138",9026968,-0.609
"64139",9055415,-0.458
"64140",9108920,-0.728
"64141",9149495,-0.605
"64142",9173057,-0.457
"64143",9212634,-0.658
"64144",9260455,-0.089
"64145",9305086,0.173
"64146",9341634,-0.305
"64147",9373046,-0.487
"64148",9416065,0.083
"64149",9456556,-0.292
"64150",9509869,-0.267
"64151",9539267,0.12
"64152",9584625,-0.098
"64153",9616134,-0.263
"64154",9667327,-0.511
"64155",9704438,-0.152
"64156",9746437,-0.414
"64157",9780915,0
"64158",9817871,-0.273
"64159",9860531,-0.241
"64160",9896105,-0.021
"64161",9939676,-0.002
"64162",9975469,-0.4
"64163",10011559,-0.137
"64164",10057425,0.114
"64165",10109569,-0.196
"64166",10146933,-0.391
"64167",10187694,-0.167
"64168",10227484,-0.443
"64169",10258105,-0.278
"64170",10292312,-0.323
"64171",10342804,0.21
"64172",10372276,-0.054
"64173",10419291,-0.34
"64174",10450651,-0.156
"64175",10504157,-0.279
"64176",10538353,-0.201
"64177",10570364,-0.259
"64178",10617074,-0.617
"64179",10650850,-0.497
"64180",10704254,-0.395
"64181",10732229,-0.296
"64182",10775442,0.18
"64183",10812709,-0.044
"64184",10855704,-0.157
"64185",10907686,-0.303
"64186",10931769,-0.218
"64187",10972360,-0.374
"64188",11022709,-0.58
"64189",11059502,0.142
"64190",11095920,0.04
"64191",11140721,-0.278
"64192",11182713,-0.415
"64193",11218374,-0.25
"64194",11263959,-0.059
"64195",11303683,0.032
"64196",11334991,-0.051
"64197",11371673,-0.364
"64198",11419805,0.046
"64199",11450299,-0.43
"64200",11492728,0.161
"64201",11546162,-0.172
"64202",11575352,-0.133
"64203",11621109,-0.199
"64204",11657495,-0.114
"64205",11704349,-0.05
"64206",11749920,-0.499
"64207",11779256,-0.104
"64208",11829185,0.011
"64209",11869288,-0.377
"64210",11905313,-0.262
"64211",11935560,0.555
"64212",11988045,-0.052
"64213",12019473,-0.306
"64214",12066978,-0.327
"64215",12093109,0.034
"64216",12134186,-0.16
"64217",12186854,-0.069
"64218",12227357,-0.041
"64219",12269592,0.01
"64220",12302085,-0.182
"64221",12343906,-0.317
"64222",12381760,-0.242
"64223",12422305,-0.453
"64224",12458649,-0.314
"64225",12496344,-0.371
"64226",12532763,-0.091
"64227",12578823,-0.115
"64228",12615211,-0.277
"64229",12656763,0.072
"64230",12699268,0.022
"64231",12732937,-0.347
"64232",12778512,-0.171
"64233",12821369,0.023
"64234",12857077,-0.139
"64235",12902716,-0.037
"64236",12934121,-0.402
"64237",12973342,-0.073
"64238",13022171,0.137
"64239",13057083,-0.255
"64240",13094962,-0.24
"64241",13138000,-0.227
"64242",13170611,-0.261
"64243",13223216,-0.124
"64244",13268552,-0.274
"64245",13298226,-0.251
"64246",13347392,-0.259
"64247",13379463,-0.128
"64248",13424685,-0.137
"64249",13450304,-0.291
"64250",13501966,-0.286
"64251",13532101,0.053
"64252",13586675,-0.173
"64253",13614383,-0.381
"64254",13660741,-0.205
"64255",13703031,0.102
"64256",13743689,-0.297
"64257",13779769,0.081
"64258",13823987,-0.249
"64259",13852558,-0.336
"64260",13902687,0.43
"64261",13943821,-0.204
"64262",13970218,-0.745
"64263",14026366,-0.247
"64264",14052521,-0.271
"64265",14094124,0.313
"64266",14131821,0.271
"64267",14171399,0.379
"64268",14220146,0.52
"64269",14254488,0.489
"64270",14296962,0.509
"64271",14338999,0.327
"64272",14370111,0.328
"64273",14420581,0.2
"64274",14469722,0.712
"64275",14496574,0.501
"64276",14536448,0.333
"64277",14588774,1.031
"64278",14617069,0.708
"64279",14653980,0.953
"64280",14700391,0.692
"64281",14745844,0.369
"64282",14776450,0.165
"64283",14819905,0.838
"64284",14866723,0.095
"64285",14904996,-0.244
"64286",14930178,0.103
"64287",14984715,0.15
"64288",15014652,0.194
"64289",15067934,0.065
"64290",15109500,0.163
"64291",15142545,-0.236
"64292",15187876,0.288
"64293",15213507,0.124
"64294",15253641,-0.337
"64295",15308104,0.098
"64296",15334772,-0.082
"64297",15383357,-0.378
"64298",15425650,0.085
"64299",15459710,-0.008
"64300",15501016,-0.161
"64301",15542339,-0.411
"64302",15577545,0.089
"64303",15623322,-0.326
"64304",15658577,-0.269
"64305",15705798,0.097
"64306",15737516,-0.123
"64307",15782252,-0.168
"64308",15829044,-0.328
"64309",15868394,-0.061
"64310",15895523,-0.29
"64311",15935275,0.207
"64312",15983676,-0.232
"64313",16013393,-0.412
"64314",16063420,0.593
"64315",16098038,1.438
"64316",16133468,1.246
"64317",16184251,1.013
"64318",16218899,1.417
"64319",16258676,0.821
"64320",16305737,1.467
"64321",16346827,1.46
"64322",16372851,1.201
"64323",16410889,1.069
"64324",16459538,1.131
"64325",16491660,1.202
"64326",16542482,1.183
"64327",16582968,0.498
"64328",16619747,1.741
"64329",16658712,1.091
"64330",16707513,0.644
"64331",16738678,1.566
"64332",16771381,0.975
"64333",16815189,1.425
"64334",16868846,1.188
"64335",16904772,1
"64336",16932216,1.064
"64337",16986660,1.222
"64338",17013309,1.033
"64339",17061437,0.804
"64340",17093561,1.441
"64341",17147570,-0.426
"64342",17186611,-0.127
"64343",17222276,0.271
"64344",17251887,-0.198
"64345",17305979,-0.249
"64346",17347153,-0.077
"64347",17384400,0.021
"64348",17427765,-0.162
"64349",17451592,-0.077
"64350",17503146,0.037
"64351",17538719,0.082
"64352",17575747,-0.261
"64353",17612496,0.08
"64354",17653539,-0.143
"64355",17702880,-0.301
"64356",17743849,-0.33
"64357",17771188,-0.278
"64358",17811197,-0.261
"64359",17868502,-0.299
"64360",17903210,-0.259
"64361",17934520,-0.603
"64362",17970632,-0.575
"64363",18015922,-0.835
"64364",18067161,-0.471
"64365",18092230,-0.444
"64366",18132585,-0.277
"64367",18188411,-0.373
"64368",18229269,-0.312
"64369",18256472,-0.616
"64370",18299810,-0.676
"64371",18330995,-0.924
"64372",18372691,-0.667
"64373",18411927,-0.671
"64374",18451627,-0.52
"64375",18500669,-0.697
"64376",18549705,-0.498
"64377",18574944,-0.652
"64378",18620192,-0.623
"64379",18665684,-0.393
"64380",18690829,-0.716
"64381",18744128,-0.568
"64382",18770233,-0.817
"64383",18826196,-0.475
"64384",18854068,-0.684
"64385",18891094,-0.798
"64386",18945320,-0.839
"64387",18976772,-0.432
"64388",19020859,-0.874
"64389",19068431,-1.018
"64390",19100395,-0.025
"64391",19147119,-0.603
"64392",19186421,-0.829
"64393",19218807,-0.304
"64394",19258198,-0.11
"64395",19293188,-0.291
"64396",19337454,-0.414
"64397",19376016,0.059
"64398",19414284,-0.627
"64399",19451393,-0.353
"64400",19495535,-0.761
"64401",19548004,-0.197
"64402",19571859,-0.266
"64403",19616812,-0.364
"64404",19662596,-0.87
"64405",19701617,-0.495
"64406",19741153,-0.568
"64407",19774850,-0.463
"64408",19817092,-0.681
"64409",19869291,-0.629
"64410",19892383,-0.333
"64411",19944280,0.153
"64412",19979133,-0.511
"64413",20011435,-0.234
"64414",20052316,-0.402
"64415",20099878,-0.261
"64416",20141124,-0.991
"64417",20176148,-0.257
"64418",20217781,-0.285
"64419",20257172,-0.138
"64420",20309375,-0.503
"64421",20340182,-0.158
"64422",20375968,-0.555
"64423",20414997,-0.602
"64424",20459229,-0.416
"64425",20495209,-0.537
"64426",20544282,-0.334
"64427",20580673,-0.815
"64428",20619367,-1.33
"64429",20661131,-0.614
"64430",20701104,-0.826
"64431",20732682,-0.644
"64432",20773490,-0.198
"64433",20824021,-0.317
"64434",20866459,-0.315
"64435",20902854,-0.381
"64436",20931094,-0.66
"64437",20976833,-0.585
"64438",21015360,-0.782
"64439",21065909,-0.809
"64440",21108242,-0.467
"64441",21142703,-0.806
"64442",21177368,-0.589
"64443",21226342,-0.53
"64444",21262804,-0.286
"64445",21303836,-0.498
"64446",21340023,-0.519
"64447",21385872,-0.324
"64448",21412944,-0.402
"64449",21450819,-0.225
"64450",21505355,-0.329
"64451",21535829,-0.606
"64452",21588916,-0.702
"64453",21621001,-0.246
"64454",21658272,-0.89
"64455",21692766,-0.672
"64456",21738830,-0.982
"64457",21772150,-0.508
"64458",21827611,-0.827
"64459",21856813,-0.751
"64460",21904654,-0.281
"64461",21942305,-0.053
"64462",21975787,-0.565
"64463",22010490,-0.744
"64464",22068590,-0.623
"64465",22108505,-0.416
"64466",22148391,-0.675
"64467",22174116,-0.603
"64468",22215463,-0.69
"64469",22263999,0.337
"64470",22300164,-0.625
"64471",22332475,-0.425
"64472",22376281,-0.658
"64473",22425896,-0.953
"64474",22456773,-0.323
"64475",22509489,-0.731
"64476",22530410,-0.441
"64477",22582864,2.151
"64478",22625734,2.119
"64479",22655872,2.255
"64480",22692407,2.063
"64481",22731898,2.154
"64482",22770845,2.241
"64483",22819098,2.115
"64484",22855421,2.53
"64485",22899070,2.309
"64486",22944299,2.25
"64487",22986958,2.082
"64488",23023628,1.652
"64489",23056669,-0.569
"64490",23091556,-0.5
"64491",23143271,-0.61
"64492",23184403,-0.539
"64493",23218360,-0.383
"64494",23269688,-0.536
"64495",23308173,-0.804
"64496",23343581,-0.243
"64497",23386925,-0.625
"64498",23410644,-0.704
"64499",23464494,-0.614
"64500",23491254,-0.832
"64501",23543314,-0.85
"64502",23570650,-0.642
"64503",23624324,-0.559
"64504",23668750,-0.175
"64505",23694118,-0.209
"64506",23749829,-0.271
"64507",23783413,-0.217
"64508",23814495,-0.492
"64509",23853589,0.24
"64510",23890096,-0.234
"64511",23934420,-0.044
"64512",23975280,0.036
"64513",24028139,-0.267
"64514",24065581,-0.267
"64515",24104557,-0.297
"64516",24131109,-0.241
"64517",24186214,0.044
"64518",24211198,-0.328
"64519",24263979,-0.385
"64520",24300122,-0.31
"64521",24342567,0.032
"64522",24382949,-0.198
"64523",24421368,0.102
"64524",24466489,-0.178
"64525",24505984,0.066
"64526",24542123,-0.305
"64527",24583275,-0.059
"64528",24624126,-0.299
"64529",24657001,-0.049
"64530",24691738,0.018
"64531",24741913,-0.402
"64532",24779588,-0.499
"64533",24822046,-0.264
"64534",24853703,-0.076
"64535",24900053,-0.247
"64536",24949838,-0.681
"64537",24973302,-0.106
"64538",25013844,-0.096
"64539",25050537,-0.087
"64540",25108745,-0.619
"64541",25143692,-0.222
"64542",25171612,0.012
"64543",25213200,-0.582
"64544",25257867,-0.357
"64545",25299739,-0.278
"64546",25339535,-0.426
"64547",25382733,-0.368
"64548",25420398,-0.153
"64549",25458795,-0.121
"64550",25498695,-0.03
"64551",25540175,-0.187
"64552",25587212,-0.039
"64553",25628420,-0.176
"64554",25653294,-0.07
"64555",25700784,-0.461
"64556",25744961,-0.116
"64557",25776904,0.323
"64558",25817625,-0.014
"64559",25857318,-0.614
"64560",25906218,-0.357
"64561",25933822,0.031
"64562",25981953,-0.328
"64563",26014318,-0.509
"64564",26064155,-0.059
"64565",26091001,-0.53
"64566",26132769,0.103
"64567",26178882,-0.349
"64568",26211057,-0.593
"64569",26260138,-0.098
"64570",26302684,-0.172
"64571",26330251,-0.068
"64572",26370618,-0.327
"64573",26415578,0.101
"64574",26466854,0.291
"64575",26505290,-0.279
"64576",26532402,-0.164
"64577",26577072,-0.441
"64578",26627850,-0.025
"64579",26668115,-0.476
"64580",26694194,-0.056
"64581",26742797,-0.113
"64582",26785710,-0.272
"64583",26821653,-0.217
"64584",26853721,-0.149
"64585",26893250,-0.222
"64586",26945295,0.284
"64587",26983318,-0.016
"64588",27012021,-0.072
"64589",27053547,-0.099
"64590",27108684,-0.157
"64591",27140510,0.097
"64592",27184023,-0.272
"64593",27217200,-0.317
"64594",27259154,-0.16
"64595",27306676,-0.451
"64596",27333612,0.139
"64597",27382110,-0.146
"64598",27422995,-0.184
"64599",27450753,-0.154
"64600",27507529,-0.486
"64601",27542127,-0.006
"64602",27572306,-0.969
"64603",27618777,-0.405
"64604",27656746,-0.295
"64605",27701507,-0.161
"64606",27731572,-0.258
"64607",27774127,-0.145
"64608",27819929,-0.093
"64609",27860643,-0.468
"64610",27907748,-0.211
"64611",27936064,-0.572
"64612",27977055,0.248
"64613",28024389,-0.53
"64614",28054249,-0.284
"64615",28099846,-0.644
"64616",28134861,-0.018
"64617",28184214,-0.306
"64618",28219088,-0.124
"64619",28267610,-0.765
"64620",28296577,-0.269
"64621",28345869,0.082
"64622",28381529,-0.385
"64623",28414098,-0.321
"64624",28461260,-0.289
"64625",28502246,-0.253
"64626",28542853,-0.502
"64627",28572636,-0.355
"64628",28620010,-0.508
"64629",28662507,-0.025
"64630",28701384,0.004
"64631",28737359,-0.372
"64632",28775089,-0.423
"64633",28827284,-0.437
"64634",28865321,-0.477
"64635",28907749,-0.354
"64636",28946520,-0.064
"64637",28980242,-0.4
"64638",29020218,-0.172
"64639",29059675,-0.14
"64640",29095512,0.142
"64641",29138969,-0.444
"64642",29183146,-0.115
"64643",29211021,-0.936
"64644",29254540,-0.301
"64645",29303433,-0.308
"64646",29331030,-0.062
"64647",29375107,0.288
"64648",29424116,-0.001
"64649",29469709,-0.339
"64650",29496956,-0.229
"64651",29541352,0.108
"64652",29571986,-0.448
"64653",29610087,0.106
"64654",29664195,-0.291
"64655",29696629,-0.378
"64656",29739030,-0.235
"64657",29780684,-0.348
"64658",29819051,0.018
"64659",29851374,-0.299
"64660",29902319,-0.109
"64661",29938839,0.134
"64662",29985832,-0.12
"64663",30014405,0.188
"64664",30056744,0.146
"64665",30096957,-0.125
"64666",30135581,-0.036
"64667",30189973,0.076
"64668",30213404,-0.245
"64669",30254949,-0.191
"64670",30308232,-0.09
"64671",30336474,-0.583
"64672",30376784,0.047
"64673",30415519,-0.367
"64674",30452315,-0.721
"64675",30494380,-0.057
"64676",30538222,0.105
"64677",30581037,-0.131
"64678",30629245,-0.25
"64679",30652941,-0.047
"64680",30695643,0.039
"64681",30731827,-0.25
"64682",30781825,-0.337
"64683",30814763,-0.408
"64684",30862733,0.125
"64685",30891693,0.062
"64686",30947481,-0.285
"64687",30974749,-0.275
"64688",31025389,0.081
"64689",31069611,-0.16
"64690",31104981,-0.317
"64691",31137004,-0.097
"64692",31186083,-0.075
"64693",31210383,-0.118
"64694",31269259,-0.557
"64695",31306985,0.016
"64696",31347328,-0.19
"64697",31372655,-0.031
"64698",31421349,-0.239
"64699",31464057,0.519
"64700",31506297,0.752
"64701",31535701,0.952
"64702",31575445,0.562
"64703",31613837,0.702
"64704",31667379,-0.089
"64705",31699966,-0.17
"64706",31731291,-0.263
"64707",31783112,0.223
"64708",31816996,-0.354
"64709",31852245,-0.417
"64710",31905735,-0.26
"64711",31947336,-0.249
"64712",31970280,-0.425
"64713",32027078,-0.11
"64714",32065593,-0.101
"64715",32109742,-0.107
"64716",32134893,-0.233
"64717",32173126,-0.453
"64718",32219440,-0.391
"64719",32256454,-0.101
"64720",32302974,-0.14
"64721",32331293,-0.001
"64722",32387906,-0.283
"64723",32422956,-0.184
"64724",32454447,-0.464
"64725",32500063,0.063
"64726",32537482,-0.183
"64727",32587969,-0.079
"64728",32625368,-0.03
"64729",32666378,-0.059
"64730",32701390,-0.11
"64731",32742318,-0.701
"64732",32780555,-0.009
"64733",32825911,-0.121
"64734",32866793,-0.299
"64735",32907799,-0.319
"64736",32943541,-0.075
"64737",32974267,-0.366
"64738",33029899,-0.204
"64739",33062083,0.083
"64740",33091864,0.031
"64741",33133564,-0.507
"64742",33170594,-0.424
"64743",33217990,-0.002
"64744",33250423,-0.066
"64745",33292711,-0.136
"64746",33332293,-0.107
"64747",33371468,-0.174
"64748",33419992,-0.082
"64749",33450600,-0.019
"64750",33491974,-0.392
"64751",33545663,-0.093
"64752",33571438,0.027
"64753",33613165,0.297
"64754",33650914,0.307
"64755",33697719,0.305
"64756",33732838,-0.168
"64757",33788616,0.523
"64758",33814099,-0.335
"64759",33850532,0.074
"64760",33903640,0.225
"64761",33934145,-0.44
"64762",33973525,0.066
"64763",34010606,0.006
"64764",34059708,-0.014
"64765",34108015,-0.477
"64766",34131667,-0.178
"64767",34175471,-0.336
"64768",34216085,-0.297
"64769",34261593,-0.042
"64770",34306069,-0.113
"64771",34342541,-0.089
"64772",34384700,0.113
"64773",34412402,-0.24
"64774",34466381,-0.297
"64775",34493307,-0.247
"64776",34545208,-0.081
"64777",34587609,-0.304
"64778",34614025,-0.078
"64779",34662325,-0.017
"64780",34700484,-0.548
"64781",34737796,-0.05
"64782",34785635,-0.109
"64783",34828494,-0.297
"64784",34859768,-0.281
"64785",34909496,0.151
"64786",34943706,-0.12
"64787",34974551,0.032
"64788",35011108,-0.288
"64789",35067508,-0.393
"64790",35094768,0.122
"64791",35141218,-0.017
"64792",35182127,-0.703
"64793",35227478,-0.468
"64794",35257812,0.008
"64795",35300754,-0.049
"64796",35349737,0.014
"64797",35386934,-0.281
"64798",35413074,-0.379
"64799",35450330,-0.071
"64800",35508675,-0.564
"64801",35545884,0.163
"64802",35578826,0.012
"64803",35611794,-0.253
"64804",35669708,-0.279
"64805",35705656,-0.141
"64806",35731067,-0.888
"64807",35771099,1.733
"64808",35826501,1.587
"64809",35856342,0.027
"64810",35891853,-0.349
"64811",35941183,-0.168
"64812",35983485,-0.107
"64813",36012543,-0.198
"64814",36061857,-0.101
"64815",36091209,0.217
"64816",36132009,-0.532
"64817",36186085,-0.183
"64818",36212844,-0.326
"64819",36265509,1.169
"64820",36294230,1.564
"64821",36345927,-0.666
"64822",36389451,2.038
"64823",36412325,1.284
"64824",36463627,0.089
"64825",36507832,-0.082
"64826",36543803,-0.035
"64827",36575737,0.14
"64828",36623448,-0.417
"64829",36654874,0.06
"64830",36700821,0.113
"64831",36749302,-0.615
"64832",36782144,-0.283
"64833",36810027,0.157
"64834",36855274,-0.424
"64835",36893925,-0.353
"64836",36946710,-0.143
"64837",36978311,-0.194
"64838",37012365,-0.115
"64839",37051054,-0.241
"64840",37094261,-0.191
"64841",37137386,-0.051
"64842",37175333,-0.118
"64843",37210545,-0.019
"64844",37251472,-0.065
"64845",37298918,-0.186
"64846",37344970,0.105
"64847",37375346,-0.044
"64848",37426159,-0.297
"64849",37467191,-0.396
"64850",37506791,-0.474
"64851",37536030,-0.047
"64852",37587733,-0.289
"64853",37623699,-0.157
"64854",37668972,0.183
"64855",37702825,-0.606
"64856",37732839,-0.209
"64857",37781222,-0.159
"64858",37826339,-0.207
"64859",37860850,0.126
"64860",37893645,-0.085
"64861",37933339,-0.504
"64862",37984385,-0.007
"64863",38010111,-0.075
"64864",38063079,0.015
"64865",38105970,0.032
"64866",38142094,-0.374
"64867",38172164,-0.575
"64868",38212560,0.02
"64869",38263057,-0.31
"64870",38302484,-0.16
"64871",38342648,0.2
"64872",38384682,-0.256
"64873",38411208,-0.218
"64874",38452869,-0.221
"64875",38494656,-0.269
"64876",38537006,-0.29
"64877",38588250,-0.337
"64878",38610256,-0.39
"64879",38657305,-0.012
"64880",38691952,-0.116
"64881",38741012,-0.257
"64882",38776182,-0.899
"64883",38827081,-0.713
"64884",38851256,-1.006
"64885",38899027,-1.027
"64886",38944681,-0.781
"64887",38978306,-0.2
"64888",39021654,-0.259
"64889",39055813,-0.483
"64890",39101005,-0.572
"64891",39143109,-0.422
"64892",39177562,-0.093
"64893",39211432,-0.161
"64894",39268363,0.309
"64895",39300429,-0.299
"64896",39340937,-0.199
"64897",39385089,-0.409
"64898",39416264,0.022
"64899",39469383,-0.3
"64900",39505909,-0.379
"64901",39538377,0.065
"64902",39578908,-0.389
"64903",39629780,-0.059
"64904",39650902,-0.219
"64905",39725846,0.161
"64906",39763503,0.16
"64907",39792434,0.57
"64908",39834248,-0.361
"64909",39870339,-0.078
"64910",39925430,-0.349
"64911",39964554,-0.436
"64912",40029959,-0.347
"64913",40064555,-0.205
"64914",40103455,-0.102
"64915",40147860,-0.682
"64916",40173136,-0.982
"64917",40214286,-1.02
"64918",40284342,-0.073
"64919",40324028,-0.133
"64920",40351871,-0.803
"64921",40406251,-0.263
"64922",40476774,-0.14
"64923",40524317,-0.304
"64924",40555946,0.181
"64925",40590318,0.102
"64926",40647732,-0.289
"64927",40685487,-0.309
"64928",40726202,0.134
"64929",40761670,-0.219
"64930",40796969,-0.567
"64931",40847801,-0.19
"64932",40877885,-0.106
"64933",40923976,-0.185
"64934",40992281,-0.396
"64935",41047618,0.059
"64936",41081545,0.07
"64937",41118520,-0.58
"64938",41206571,0.083
"64939",41232558,0.307
"64940",41270122,0.173
"64941",41316608,0.092
"64942",41360955,-0.569
"64943",41425069,-0.226
"64944",41458940,-0.2
"64945",41501344,0.034
"64946",41549566,-0.381
"64947",41588931,-0.193
"64948",41615550,-0.283
"64949",41650597,-0.407
"64950",41694970,-0.077
"64951",41741325,-0.278
"64952",41774821,-0.407
"64953",41815364,0.204
"64954",41868690,-0.346
"64955",41899915,-0.145
"64956",41938783,-0.149
"64957",41972343,0.271
"64958",42025297,0.128
"64959",42068607,0.123
"64960",42105514,-0.234
"64961",42143642,-0.353
"64962",42181007,-0.419
"64963",42220327,-0.65
"64964",42250137,-0.144
"64965",42301281,-0.33
"64966",42335354,-0.117
"64967",42374380,-0.242
"64968",42412667,-0.056
"64969",42483467,0.051
"64970",42512396,-0.13
"64971",42562719,0.136
"64972",42597121,-0.354
"64973",42669201,-0.09
"64974",42702296,-0.328
"64975",42848648,-0.107
"64976",42881164,-0.193
"64977",42916030,-0.405
"64978",42955835,0.167
"64979",42994343,-0.06
"64980",43067414,-0.18
"64981",43107295,-0.239
"64982",43145787,-0.354
"64983",43189664,-0.157
"64984",43211051,-0.289
"64985",43315608,-0.117
"64986",43344924,-0.13
"64987",43386795,-0.067
"64988",43420571,-0.639
"64989",43464730,-0.059
"64990",43519513,0.142
"64991",43554255,-0.151
"64992",43590348,-0.259
"64993",43624367,-0.45
"64994",43673876,-0.466
"64995",43711542,0.515
"64996",43745579,-0.019
"64997",43787086,0.551
"64998",43835585,0.102
"64999",43864648,-0.095
"65000",43906233,-0.066
"65001",43941282,-0.758
"65002",44003788,0.046
"65003",44057461,-0.359
"65004",44092313,-0.038
"65005",44136899,-0.293
"65006",44171871,-0.191
"65007",44209335,-0.254
"65008",44256615,0.247
"65009",44294934,0.209
"65010",44332367,0.016
"65011",44372620,-0.061
"65012",44417935,-0.523
"65013",44443259,0.095
"65014",44486175,-0.398
"65015",44531201,-0.084
"65016",44569459,-0.088
"65017",44609395,-0.384
"65018",44650081,-0.253
"65019",44736415,-0.115
"65020",44775777,-0.058
"65021",44807288,-0.175
"65022",44849400,-0.031
"65023",44891539,0.007
"65024",44959032,0.042
"65025",44989203,-0.216
"65026",45039768,-0.144
"65027",45063585,0.063
"65028",45111775,-0.113
"65029",45151317,-1.011
"65030",45198717,-1.019
"65031",45236690,-0.813
"65032",45369608,0.292
"65033",45391186,-0.47
"65034",45447806,-0.368
"65035",45477784,-0.083
"65036",45526388,-0.166
"65037",45567563,-0.245
"65038",45598886,-0.347
"65039",45649759,0.049
"65040",45678939,-0.03
"65041",45721923,-0.196
"65042",45769030,-0.036
"65043",45798346,0.174
"65044",45867480,-0.186
"65045",45894059,-0.229
"65046",45937936,-0.253
"65047",45971009,-0.264
"65048",46017473,-0.342
"65049",46054073,-0.329
"65050",46108125,0.096
"65051",46142638,-0.302
"65052",46184655,0.322
"65053",46274714,-0.698
"65054",46322182,-0.174
"65055",46361790,-0.351
"65056",46406480,0.122
"65057",46439138,0.084
"65058",46577125,-0.287
"65059",46612171,-0.531
"65060",46640289,-0.278
"65061",46697656,0.242
"65062",46735636,0.199
"65063",46771276,0.173
"65064",46813159,-0.158
"65065",46859867,-0.437
"65066",46886365,-0.032
"65067",46932982,-0.383
"65068",46968318,0.03
"65069",47009600,-0.307
"65070",47059046,-0.139
"65071",47165781,-0.227
"65072",47190995,-0.428
"65073",47233282,-0.562
"65074",47287047,-0.32
"65075",47317500,0.048
"65076",65472964,-0.044
"65077",65505649,-0.001
"65078",65548789,0.062
"65079",65592461,-0.238
"65080",65627996,0.293
"65081",65677654,-0.431
"65082",65704491,-0.48
"65083",65747664,-0.5
"65084",65781969,-0.969
"65085",65821214,-0.785
"65086",65874980,-0.757
"65087",65910777,-0.586
"65088",65976021,-0.314
"65089",66018814,-0.002
"65090",66040963,-0.243
"65091",66093045,-0.388
"65092",66138018,0.094
"65093",66178895,-0.198
"65094",66243338,-0.237
"65095",66292280,-0.239
"65096",66325153,-0.119
"65097",66366278,-0.098
"65098",66477532,-0.24
"65099",66511436,0.036
"65100",66546459,-0.223
"65101",66590792,-0.24
"65102",66665471,-0.173
"65103",66718819,-0.329
"65104",66757032,-0.284
"65105",66837237,-0.041
"65106",67017555,-0.292
"65107",67056798,0.179
"65108",67087099,-0.389
"65109",67207876,-0.071
"65110",67247006,0.177
"65111",67276144,0.085
"65112",67310726,-0.71
"65113",67529863,-0.72
"65114",67560171,-0.765
"65115",67594905,-0.89
"65116",67643524,-0.703
"65117",67682096,-0.323
"65118",67728341,-0.281
"65119",67763702,-0.391
"65120",67795859,-0.039
"65121",67848547,-0.237
"65122",67873882,-0.14
"65123",67911928,-0.113
"65124",67952934,0.029
"65125",68146450,-0.515
"65126",68182218,-0.261
"65127",68211556,-0.389
"65128",68269534,-0.177
"65129",68295698,-0.822
"65130",68342159,-0.028
"65131",68389599,-0.281
"65132",68417867,-0.599
"65133",68468307,-0.06
"65134",68490634,-0.167
"65135",68670617,-0.057
"65136",68728989,-0.069
"65137",68750373,-0.521
"65138",68795574,-0.374
"65139",68837450,-0.268
"65140",69009647,-0.067
"65141",69044106,-0.051
"65142",69089365,0.017
"65143",69126192,-0.576
"65144",69167902,-0.663
"65145",69205191,-0.119
"65146",69235903,-0.34
"65147",69277049,-0.241
"65148",69329688,0.004
"65149",69361756,-0.514
"65150",69394554,-0.024
"65151",69440522,-0.014
"65152",69488278,-0.074
"65153",69514975,-0.207
"65154",69551227,-0.259
"65155",69605521,-0.363
"65156",69630934,-0.035
"65157",69671799,-0.382
"65158",69830161,-0.2
"65159",69852927,-0.407
"65160",69906156,-0.048
"65161",69937200,-0.012
"65162",70061347,-0.129
"65163",70128404,0.127
"65164",70181481,-0.227
"65165",70218057,-0.435
"65166",70333974,-0.091
"65167",70378873,-0.027
"65168",70432417,-0.245
"65169",70461771,-0.248
"65170",70504621,-0.339
"65171",70559672,-0.171
"65172",70587403,-0.531
"65173",70636676,-0.037
"65174",70669740,-0.292
"65175",70708695,-0.775
"65176",70843864,0.244
"65177",70882625,-0.447
"65178",70923766,-0.989
"65179",70959407,-0.212
"65180",70998921,-0.821
"65181",71031124,-0.393
"65182",71076315,-0.465
"65183",71128513,-0.64
"65184",71156772,-0.495
"65185",71194612,-0.473
"65186",71247692,-0.548
"65187",71286075,-0.511
"65188",71322368,-0.935
"65189",71363354,-0.509
"65190",71400225,-0.695
"65191",71435367,-0.474
"65192",71485022,-0.489
"65193",71521887,-0.709
"65194",71554459,-0.77
"65195",71595226,-0.632
"65196",71635510,-0.755
"65197",71680846,-0.892
"65198",71713168,-0.841
"65199",71762501,-0.562
"65200",71793121,-0.45
"65201",71844048,-0.855
"65202",71880242,-0.271
"65203",71917673,-0.431
"65204",71965392,-0.082
"65205",72007916,-0.991
"65206",72044664,-0.618
"65207",72074938,-0.871
"65208",72115484,-0.556
"65209",72150257,-0.886
"65210",72206304,-0.497
"65211",72234776,-0.852
"65212",72283084,-0.514
"65213",72320197,-0.441
"65214",72359167,-0.551
"65215",72398289,-0.359
"65216",72443872,-0.351
"65217",72489899,-0.833
"65218",72513432,-0.659
"65219",72564724,-0.427
"65220",72606426,-0.363
"65221",72646480,-0.845
"65222",72690098,-0.45
"65223",72726317,-0.63
"65224",72756319,-0.909
"65225",72807343,-0.627
"65226",72844551,-0.605
"65227",72876365,-0.527
"65228",72921556,-0.517
"65229",72957772,-0.496
"65230",72998753,-0.833
"65231",73037394,-0.568
"65232",73078913,-0.32
"65233",73126525,-0.865
"65234",73167270,-0.546
"65235",73195791,-0.613
"65236",73230791,-0.322
"65237",73287972,-0.471
"65238",73324310,-0.814
"65239",73358168,-0.527
"65240",73409317,-0.621
"65241",73436853,-0.338
"65242",73470373,-0.547
"65243",73528135,-0.834
"65244",73567674,-0.827
"65245",73609272,-0.942
"65246",73648093,-0.586
"65247",73680032,-0.535
"65248",73729728,-0.366
"65249",73755019,-0.502
"65250",73799221,-0.722
"65251",73849715,-0.487
"65252",73882153,-0.398
"65253",73917884,-0.767
"65254",73968956,-0.768
"65255",73998263,-0.936
"65256",74039886,-0.451
"65257",74078175,-0.754
"65258",74129726,-0.649
"65259",74155154,-0.465
"65260",74190990,-0.384
"65261",74243693,-0.608
"65262",74270415,-0.598
"65263",74317689,-0.295
"65264",74362399,-0.608
"65265",74409404,-0.703
"65266",74444551,-0.756
"65267",74473554,-0.879
"65268",74518955,-0.781
"65269",74557264,-0.736
"65270",74599963,-0.861
"65271",74645368,-0.203
"65272",74671572,-0.649
"65273",74717533,-0.304
"65274",74756810,-0.654
"65275",74800305,-0.619
"65276",74839444,-0.27
"65277",74877290,-0.716
"65278",74916540,-0.529
"65279",74956822,-0.264
"65280",74990546,-0.961
"65281",75037603,-0.471
"65282",75081896,-0.75
"65283",75112630,-0.22
"65284",75167596,-0.771
"65285",75194112,-0.609
"65286",75241471,-0.317
"65287",75276356,-0.589
"65288",75316367,-0.223
"65289",75356582,-0.417
"65290",75406190,-0.373
"65291",75441336,-0.538
"65292",75486551,-0.397
"65293",75510670,-0.581
"65294",75559285,-0.571
"65295",75593211,-0.696
"65296",75649259,-0.841
"65297",75688573,-0.666
"65298",75717881,-0.357
"65299",75761202,-0.49
"65300",75793197,-0.554
"65301",75846767,-0.353
"65302",75884223,-0.513
"65303",75911921,-0.678
"65304",75964421,-0.896
"65305",76008052,-0.422
"65306",76032172,-0.67
"65307",76088945,-0.328
"65308",76112285,-0.26
"65309",76156523,-0.702
"65310",76198962,-0.848
"65311",76244798,-0.477
"65312",76282668,-0.767
"65313",76323115,-0.677
"65314",76364559,-0.297
"65315",76406331,-0.762
"65316",76447823,-0.542
"65317",76478581,-0.488
"65318",76516888,-0.556
"65319",76550859,-0.797
"65320",76593320,-0.676
"65321",76637596,-0.944
"65322",76673570,-0.474
"65323",76721467,-0.574
"65324",76755234,-0.642
"65325",76807813,-0.765
"65326",76849075,-0.508
"65327",76887791,-0.734
"65328",76921406,-0.283
"65329",76965530,-0.097
"65330",77008571,-0.426
"65331",77048202,-0.641
"65332",77087165,-0.847
"65333",77115263,-0.627
"65334",77160269,-0.894
"65335",77207671,-0.041
"65336",77238251,-0.538
"65337",77282781,-0.618
"65338",77328703,-0.334
"65339",77366605,-0.467
"65340",77398438,-0.507
"65341",77438430,-0.581
"65342",77488038,-0.528
"65343",77523552,-0.393
"65344",77550342,-0.191
"65345",77590658,-0.473
"65346",77648920,-0.568
"65347",77682464,-0.534
"65348",77710367,-0.559
"65349",77752501,-0.649
"65350",77794079,-0.517
"65351",77847084,-0.214
"65352",77883107,-0.377
"65353",77913578,-0.692
"65354",77951726,-0.475
"65355",77995091,-0.507
"65356",78038831,-0.449
"65357",78086373,-0.414
"65358",78117310,-0.418
"65359",78155697,-0.625
"65360",78206929,-0.599
"65361",78249062,-0.527
"65362",78285179,-0.585
"65363",78315152,-0.438
"65364",78357606,-0.842
"65365",78409815,-0.505
"65366",78439487,-0.513
"65367",78482799,-0.938
"65368",78522340,-0.359
"65369",78556146,-0.473
"65370",78594570,-0.776
"65371",78637144,-1.023
"65372",78686429,-0.535
"65373",78717111,-0.211
"65374",78762297,-0.545
"65375",78808771,-0.795
"65376",78839781,-0.505
"65377",78874293,-0.482
"65378",78913572,-0.435
"65379",78953726,-0.689
"65380",79000188,-0.744
"65381",79032468,-0.437
"65382",79078507,-0.62
"65383",79125281,-0.245
"65384",79164784,-0.383
"65385",79206441,-0.98
"65386",79238982,-0.302
"65387",79278462,-0.28
"65388",79315373,-0.545
"65389",79353253,-0.582
"65390",79398793,-0.596
"65391",79432482,-0.571
"65392",79476345,-0.669
"65393",79523106,-0.327
"65394",79559896,-0.482
"65395",79599874,-0.135
"65396",79645962,-0.662
"65397",79673939,-0.749
"65398",79720644,-0.359
"65399",79750732,-0.066
"65400",79809836,0.02
"65401",79831383,-0.689
"65402",79873850,-0.522
"65403",79911236,-0.704
"65404",79969972,-0.425
"65405",79991072,-0.333
"65406",80033738,-0.646
"65407",80083656,-0.581
"65408",80121949,-0.788
"65409",80160386,-0.567
"65410",80197072,-0.538
"65411",80249873,-0.198
"65412",80273683,-0.702
"65413",80322799,-0.39
"65414",80352617,-0.554
"65415",80399695,-0.614
"65416",80440727,-0.443
"65417",80482745,-0.384
"65418",80526897,-0.61
"65419",80556755,0.081
"65420",80593509,-0.485
"65421",80637221,-0.889
"65422",80689422,-0.553
"65423",80729802,-0.438
"65424",80758061,-0.618
"65425",80805211,-0.529
"65426",80849682,-0.778
"65427",80873779,-0.32
"65428",80915310,-0.29
"65429",80957199,-0.629
"65430",81003564,-0.479
"65431",81047629,-0.704
"65432",81088237,-0.547
"65433",81120872,-0.853
"65434",81165045,-0.637
"65435",81207640,-0.312
"65436",81240785,-0.421
"65437",81279632,-0.685
"65438",81316207,-0.355
"65439",81359992,-0.318
"65440",81392054,-0.619
"65441",81443266,-0.41
"65442",81483030,-0.68
"65443",81518969,-0.445
"65444",81552959,-0.826
"65445",81593901,-0.419
"65446",81649222,-0.744
"65447",81682881,-0.742
"65448",81725163,-0.478
"65449",81767061,-0.351
"65450",81799998,-0.651
"65451",81838078,-0.763
"65452",81874287,-0.541
"65453",81926333,-0.571
"65454",81961795,-0.313
"65455",82001959,-0.385
"65456",82030801,-0.452
"65457",82074056,-0.696
"65458",82123100,-0.647
"65459",82150829,-0.613
"65460",82192706,-0.577
"65461",82236440,-0.783
"65462",82290043,-0.317
"65463",82325185,-0.812
"65464",82360358,-0.238
"65465",82406338,-0.42
"65466",82439359,-0.58
"65467",82488745,-0.604
"65468",82518763,-0.19
"65469",82551787,-1.06
"65470",82592342,-0.701
"65471",82640840,-0.628
"65472",82683051,-0.743
"65473",82722544,-0.517
"65474",82758300,-0.59
"65475",82808857,-1.008
"65476",82836140,-0.421
"65477",82889427,-0.312
"65478",82919314,-0.225
"65479",82969558,-0.85
"65480",82991809,-0.871
"65481",83047566,-0.831
"65482",83078244,-0.837
"65483",83119885,-0.494
"65484",83159188,-0.368
"65485",83205766,-0.929
"65486",83242518,-0.481
"65487",83285449,-0.939
"65488",83320825,-0.585
"65489",83351947,-0.514
"65490",83402858,-0.388
"65491",83443031,-0.281
"65492",83480381,-0.313
"65493",83528886,-0.682
"65494",83550598,-0.819
"65495",83607670,-0.083
"65496",83649051,-0.728
"65497",83689642,-0.404
"65498",83728818,-0.616
"65499",83755360,-0.243
"65500",83791651,-0.595
"65501",83830605,-0.446
"65502",83875487,-0.387
"65503",83924629,-0.516
"65504",83956295,-0.018
"65505",83993371,-0.65
"65506",84040842,-0.292
"65507",84078632,-0.537
"65508",84113698,-0.492
"65509",84165229,-0.751
"65510",84204131,-0.682
"65511",84236116,-0.947
"65512",84274720,-0.773
"65513",84322804,0.068
"65514",84369973,0.067
"65515",84390652,-0.266
"65516",84430185,-0.679
"65517",84490009,-0.337
"65518",84519203,-0.655
"65519",84567641,-0.66
"65520",84592655,-0.525
"65521",84646636,-1.187
"65522",84683995,-0.617
"65523",84726406,-0.159
"65524",84763604,-0.773
"65525",84797648,-0.716
"65526",84839550,-0.559
"65527",84889188,-0.555
"65528",84920058,-0.43
"65529",84951058,-0.393
"65530",84991376,-0.648
"65531",85042993,-0.172
"65532",85073217,-0.646
"65533",85127875,-0.741
"65534",85169501,-0.944
"65535",85209531,-0.556
"65536",85233400,-0.701
"65537",85285224,-0.658
"65538",85314178,-0.762
"65539",85365002,-0.26
"65540",85396966,-0.228
"65541",85443832,-0.701
"65542",85477456,-0.425
"65543",85519947,-0.699
"65544",85558458,-0.273
"65545",85590284,-0.73
"65546",85640325,-0.535
"65547",85670920,-0.67
"65548",85716102,-0.35
"65549",85753856,-0.275
"65550",85799051,-0.184
"65551",85835216,-0.802
"65552",85875695,-0.605
"65553",85918566,-0.337
"65554",85966303,-0.446
"65555",85995627,-0.674
"65556",86044783,-0.669
"65557",86084424,-0.653
"65558",86118911,-0.736
"65559",86155206,-0.234
"65560",86197836,-0.782
"65561",86242151,-0.886
"65562",86289618,-0.342
"65563",86323782,-0.303
"65564",86350782,-0.204
"65565",86400466,-0.625
"65566",86433393,-1.238
"65567",86472590,-0.535
"65568",86518509,-0.524
"65569",86557146,-0.191
"65570",86590744,-0.62
"65571",86630836,-0.547
"65572",86672624,-0.631
"65573",86726518,-0.304
"65574",86754245,-0.566
"65575",86800621,-0.6
"65576",86841107,-0.483
"65577",86874524,-0.853
"65578",86929207,-0.291
"65579",86952568,-0.466
"65580",86998679,-0.368
"65581",87042077,-0.612
"65582",87081825,-0.307
"65583",87121449,-0.535
"65584",87165126,-0.6
"65585",87204910,-0.898
"65586",87237913,-0.447
"65587",87274238,-0.309
"65588",87317942,-0.466
"65589",87369273,-0.406
"65590",87395072,-0.373
"65591",87442649,-0.736
"65592",87471337,-0.811
"65593",87518343,-0.569
"65594",87566020,-0.967
"65595",87609468,-0.707
"65596",87641774,-0.6
"65597",87671156,-0.514
"65598",87729658,-0.67
"65599",87758541,-0.624
"65600",87797796,-0.906
"65601",87847081,-0.561
"65602",87884359,-0.654
"65603",87926306,-0.394
"65604",87954061,-0.775
"65605",88008325,-0.554
"65606",88032036,-0.827
"65607",88085687,-0.437
"65608",88118192,-0.562
"65609",88164759,-0.429
"65610",88200100,-0.252
"65611",88244316,-0.596
"65612",88273436,-0.787
"65613",88317679,-0.513
"65614",88353552,-1.02
"65615",88409145,-0.341
"65616",88446784,-0.134
"65617",88475985,-0.67
"65618",88529833,-0.589
"65619",88557508,-0.571
"65620",88595556,-0.313
"65621",88632688,-0.622
"65622",88676348,-0.369
"65623",88728446,-0.724
"65624",88758099,-0.453
"65625",88809559,-0.484
"65626",88835789,-0.505
"65627",88879914,-0.23
"65628",88929515,-0.546
"65629",88956284,-0.522
"65630",89002508,-0.614
"65631",89047861,-0.19
"65632",89073303,-0.435
"65633",89127781,-0.52
"65634",89157632,-0.74
"65635",89201003,-0.546
"65636",89243964,-0.611
"65637",89272685,-0.307
"65638",89314587,-0.265
"65639",89369274,-0.643
"65640",89408012,-0.461
"65641",89448047,-0.614
"65642",89484320,-0.837
"65643",89520243,-0.855
"65644",89564996,-0.784
"65645",89596869,-0.369
"65646",89644966,-0.166
"65647",89681243,-0.674
"65648",89713655,-0.609
"65649",89759227,-0.561
"65650",89803991,-0.457
"65651",89833043,-0.542
"65652",89886126,-0.823
"65653",89920448,-0.693
"65654",89962230,-0.594
"65655",90007847,-0.45
"65656",90046635,-0.602
"65657",90071714,-0.43
"65658",90110426,-0.835
"65659",90155751,-0.451
"65660",90194208,-0.205
"65661",90232700,-0.849
"65662",90283113,-0.931
"65663",90311805,-0.235
"65664",90366084,-0.215
"65665",90406857,-0.578
"65666",90432189,-0.167
"65667",90481597,-0.353
"65668",90526628,-0.737
"65669",90558729,0.067
"65670",90590457,-0.452
"65671",90632373,-0.4
"65672",90679736,-0.563
"65673",90712070,-0.745
"65674",90760325,-0.57
"65675",90805597,-0.088
"65676",90844498,-0.498
"65677",90873871,-0.37
"65678",90925260,-0.455
"65679",90959507,-0.125
"65680",90993029,-0.416
"65681",91039398,-0.851
"65682",91082609,-0.096
"65683",91120181,-0.841
"65684",91166032,-0.202
"65685",91200213,-0.39
"65686",91236619,-0.882
"65687",91289826,-0.468
"65688",91319399,-1
"65689",91363893,-0.446
"65690",91402080,-0.742
"65691",91437635,-0.513
"65692",91477971,-0.196
"65693",91510186,-0.481
"65694",91567232,-0.677
"65695",91603384,-0.419
"65696",91645281,-0.078
"65697",91680644,-0.811
"65698",91717812,-0.189
"65699",91760335,-0.869
"65700",91795645,-0.557
"65701",91833323,-0.746
"65702",91884232,0.267
"65703",91920149,-0.8
"65704",91957282,-0.513
"65705",91992383,-0.657
"65706",92037820,-0.96
"65707",92071309,-0.188
"65708",92117975,-0.585
"65709",92166922,-0.529
"65710",92207790,-0.477
"65711",92245944,-0.195
"65712",92287792,-0.701
"65713",92310735,-0.687
"65714",92457574,-0.547
"65715",92483702,-0.4
"65716",92525158,-0.699
"65717",92679539,-0.47
"65718",92704210,-0.417
"65719",92751006,-0.387
"65720",92793875,-0.597
"65721",92821773,-0.211
"65722",92870191,-0.546
"65723",92919688,-0.501
"65724",92950300,-0.623
"65725",92998740,-0.187
"65726",93036522,-0.584
"65727",93064900,-0.44
"65728",93109662,-0.55
"65729",93147198,-0.719
"65730",93184386,-0.699
"65731",93228795,-0.206
"65732",93276985,-0.662
"65733",93316601,-0.584
"65734",93349473,-0.633
"65735",93384019,-0.243
"65736",93431422,-0.32
"65737",93464476,-0.57
"65738",93503501,-0.557
"65739",93546266,-0.259
"65740",93593848,-0.375
"65741",93625135,-0.615
"65742",93677545,-0.904
"65743",93713088,-0.408
"65744",93758841,-0.498
"65745",93791519,-0.702
"65746",93820730,-0.444
"65747",93865201,-0.765
"65748",93906856,-0.461
"65749",93952088,-0.681
"65750",93980199,-0.626
"65751",94029417,-0.8
"65752",94072689,-0.86
"65753",94108135,-0.365
"65754",94143502,-0.552
"65755",94197270,-0.93
"65756",94228704,-0.196
"65757",94272774,-0.914
"65758",94304768,-0.185
"65759",94346030,-0.563
"65760",94396297,-0.594
"65761",94424979,-0.673
"65762",94480049,-0.492
"65763",94509708,-0.814
"65764",94549294,-0.431
"65765",94599878,-0.477
"65766",94637713,-0.613
"65767",94674131,-0.56
"65768",94716004,-0.687
"65769",94757532,-0.42
"65770",94785503,-0.324
"65771",94838999,-0.365
"65772",94871138,-0.034
"65773",94913182,-0.48
"65774",94957258,-0.216
"65775",94991076,-1.135
"65776",95026975,-0.558
"65777",95076812,-0.482
"65778",95109004,-0.676
"65779",95154243,-0.744
"65780",95182582,-0.781
"65781",95227388,-0.226
"65782",95268359,-0.328
"65783",95302085,0.182
"65784",95346329,-0.494
"65785",95393004,-0.477
"65786",95437405,-0.342
"65787",95470384,-0.55
"65788",95505405,-0.066
"65789",95543004,-0.637
"65790",95587114,-0.331
"65791",95639728,-0.839
"65792",95674188,-0.21
"65793",95708122,-0.382
"65794",95751199,-0.459
"65795",95790527,-0.044
"65796",95839570,-0.582
"65797",95868086,-0.185
"65798",95919452,-0.252
"65799",95958620,-0.821
"65800",95999638,-0.535
"65801",96028241,-0.617
"65802",96078829,-0.531
"65803",96105720,-0.528
"65804",96142982,-0.259
"65805",96189439,-0.867
"65806",96232974,-0.231
"65807",96272829,-0.168
"65808",96311543,-0.303
"65809",96341953,-0.46
"65810",96390874,-0.38
"65811",96438426,-0.762
"65812",96475839,-0.528
"65813",96500292,-1.624
"65814",96558301,-0.439
"65815",96585079,-0.326
"65816",96635295,-0.433
"65817",96676859,-0.712
"65818",96709311,-0.699
"65819",96747370,-0.923
"65820",96795768,-0.767
"65821",96831275,-0.255
"65822",96861711,-0.487
"65823",96919958,-0.29
"65824",96946907,-0.726
"65825",96994731,-0.606
"65826",97037651,-0.091
"65827",97077133,-0.639
"65828",97103817,-0.522
"65829",97150082,-0.656
"65830",97186075,-0.538
"65831",97222623,-0.237
"65832",97273006,-0.441
"65833",97320114,-0.577
"65834",97347110,-0.243
"65835",97392948,-0.884
"65836",97430848,-0.403
"65837",97475117,-0.421
"65838",97515856,-0.005
"65839",97550175,-0.515
"65840",97584749,-0.266
"65841",97635055,-0.769
"65842",97663211,-0.459
"65843",97719161,-0.922
"65844",97755503,-0.355
"65845",97780778,-0.877
"65846",97827077,-0.364
"65847",97862523,-0.482
"65848",97905988,-0.903
"65849",97949773,-0.654
"65850",97992620,-0.32
"65851",98038314,-0.053
"65852",98077385,-0.301
"65853",98105688,-0.935
"65854",98155655,-0.028
"65855",98185751,-0.365
"65856",98229144,-0.42
"65857",98265637,-0.35
"65858",98316394,-0.613
"65859",98358982,0.065
"65860",98393452,-0.924
"65861",98421086,-0.377
"65862",98478494,-0.504
"65863",98516840,-0.736
"65864",98547221,-0.58
"65865",98586180,-0.508
"65866",98638807,-0.493
"65867",98671805,-0.673
"65868",98716455,-0.405
"65869",98756252,-0.44
"65870",98786392,-0.855
"65871",98831346,-0.368
"65872",98872292,-0.143
"65873",98918335,-0.461
"65874",98954316,-0.21
"65875",98985050,-0.87
"65876",99035575,-0.361
"65877",99075598,-0.626
"65878",99111081,-0.256
"65879",99157899,-0.458
"65880",99194356,-0.223
"65881",99235416,-0.37
"65882",99263649,-0.396
"65883",99318012,-0.666
"65884",99356059,-0.637
"65885",99394320,-0.382
"65886",99428076,-0.636
"65887",99464361,-0.787
"65888",99515515,-0.49
"65889",99550052,-0.38
"65890",99590351,-0.488
"65891",99636190,-0.27
"65892",99672004,-0.832
"65893",99712931,-0.477
"65894",99756497,-0.664
"65895",99784448,-0.601
"65896",99824030,-0.784
"65897",99871136,-0.588
"65898",99918379,-0.284
"65899",99959724,0.082
"65900",99996669,-0.696
"65901",100020723,-0.239
"65902",100071122,-0.844
"65903",100105725,-0.345
"65904",100157026,-0.582
"65905",100182671,-0.63
"65906",100230299,-0.758
"65907",100273409,0.053
"65908",100311818,-0.32
"65909",100349897,-0.238
"65910",100381093,-0.536
"65911",100436178,-0.649
"65912",100476276,-0.269
"65913",100517897,-0.719
"65914",100553528,-0.777
"65915",100594416,-0.419
"65916",100633086,-0.287
"65917",100667532,-0.33
"65918",100706379,-0.433
"65919",100760050,-0.362
"65920",100793067,-0.257
"65921",100835325,-0.401
"65922",100860190,-0.824
"65923",100918979,-0.568
"65924",100945412,-0.532
"65925",100981670,-0.574
"65926",101034423,-0.018
"65927",101069126,-0.532
"65928",101107625,-0.574
"65929",101151998,-0.847
"65930",101199520,-0.574
"65931",101232125,-0.601
"65932",101261365,-0.45
"65933",101304334,-0.683
"65934",101342104,-0.548
"65935",101382459,-0.402
"65936",101438807,-0.544
"65937",101461764,-0.254
"65938",101513167,-0.402
"65939",101547106,-0.176
"65940",101589835,-0.425
"65941",101633066,-0.332
"65942",101671596,-0.411
"65943",101705189,-0.75
"65944",101747418,-0.199
"65945",101795072,-0.536
"65946",101825749,-0.709
"65947",101875568,-0.723
"65948",101904255,-0.543
"65949",101942252,-0.382
"65950",101986859,-0.163
"65951",102029369,-0.401
"65952",102072826,-0.548
"65953",102109330,-0.79
"65954",102144540,-0.745
"65955",102193114,-0.568
"65956",102224851,-0.805
"65957",102274745,-0.659
"65958",102303158,-0.703
"65959",102348631,-0.67
"65960",102393657,-0.644
"65961",102424240,-0.387
"65962",102473316,-0.544
"65963",102508660,-0.714
"65964",102542115,-0.824
"65965",102588948,-0.888
"65966",102622076,-0.452
"65967",102670394,-0.896
"65968",102702107,-0.583
"65969",102748945,-0.566
"65970",102784373,-0.333
"65971",102828806,-0.906
"65972",102868430,-0.698
"65973",102914587,-0.551
"65974",102947296,-0.459
"65975",102991080,-0.311
"65976",103038153,-0.275
"65977",103064225,-0.505
"65978",103112749,-0.97
"65979",103146387,-0.742
"65980",103198211,-0.265
"65981",103222575,-0.57
"65982",103265334,-0.366
"65983",103315902,-0.688
"65984",103346544,-0.65
"65985",103392670,-0.558
"65986",103436169,-0.316
"65987",103479975,-0.387
"65988",103517640,-0.502
"65989",103546625,-0.412
"65990",103585078,-0.505
"65991",103624126,-0.269
"65992",103675081,-0.599
"65993",103719544,-0.519
"65994",103752611,-0.501
"65995",103794275,-0.382
"65996",103825059,-0.466
"65997",103877235,-0.49
"65998",103902274,-0.569
"65999",103959848,-0.662
"66000",103992977,-0.802
"66001",104029262,-0.416
"66002",104060685,-0.741
"66003",104108791,-0.467
"66004",104153455,-0.211
"66005",104183520,-0.387
"66006",104235954,-0.513
"66007",104277471,-0.612
"66008",104302228,-0.429
"66009",104354283,-0.668
"66010",104397302,-0.595
"66011",104437251,-0.828
"66012",104468509,-0.245
"66013",104516084,-0.615
"66014",104542555,-0.17
"66015",104595234,-0.775
"66016",104624430,-0.779
"66017",104670080,-0.84
"66018",104709428,-0.453
"66019",104740472,-0.533
"66020",104796123,-0.323
"66021",104835169,-0.385
"66022",104862779,-0.692
"66023",104901546,-1.071
"66024",104957586,-0.389
"66025",104987757,-0.624
"66026",105039691,-0.694
"66027",105074751,-0.368
"66028",105113258,-0.636
"66029",105144066,-0.518
"66030",105185424,-0.225
"66031",105234145,-0.595
"66032",105279169,-0.616
"66033",105313779,-0.724
"66034",105353925,-0.164
"66035",105382579,-0.001
"66036",105420972,-0.788
"66037",105476490,-0.577
"66038",105515185,-0.62
"66039",105541063,-0.795
"66040",105599687,-0.402
"66041",105635234,-0.73
"66042",105677889,-0.17
"66043",105710492,-0.984
"66044",105759498,-0.625
"66045",105781874,-0.536
"66046",105835760,-0.35
"66047",105863477,-0.488
"66048",105908364,-0.381
"66049",105940269,-0.057
"66050",105998266,-0.546
"66051",106033844,-0.386
"66052",106069547,-0.443
"66053",106107438,-0.418
"66054",106141819,-0.655
"66055",106182183,-0.269
"66056",106235304,-0.573
"66057",106264210,-0.658
"66058",106303102,-0.478
"66059",106349507,-0.298
"66060",106391290,-0.611
"66061",106423392,-0.371
"66062",106468816,-0.73
"66063",106505239,-0.229
"66064",106556060,-0.501
"66065",106594009,-0.753
"66066",106637917,-0.829
"66067",106669140,-0.614
"66068",106719576,-0.579
"66069",106742278,-0.448
"66070",106798273,-0.535
"66071",106838863,-0.383
"66072",106865900,-0.329
"66073",106915996,-0.864
"66074",106958270,-0.552
"66075",106994835,-0.493
"66076",107021691,-0.12
"66077",107062570,-0.519
"66078",107111915,-0.332
"66079",107152155,-0.317
"66080",107193717,-0.626
"66081",107229775,-0.546
"66082",107261692,-0.23
"66083",107314430,-0.601
"66084",107352385,-0.773
"66085",107383244,-0.678
"66086",107432590,-0.282
"66087",107477935,-0.413
"66088",107509448,-0.532
"66089",107548498,-0.697
"66090",107581569,-0.803
"66091",107627885,-0.658
"66092",107671345,-0.575
"66093",107701011,-0.606
"66094",107742341,-0.141
"66095",107784562,-0.392
"66096",107831870,-0.688
"66097",107880096,-0.298
"66098",107914696,-0.43
"66099",107942043,-0.607
"66100",107984844,-0.213
"66101",108020418,-0.574
"66102",108062346,-0.989
"66103",108116183,-0.334
"66104",108143294,-0.136
"66105",108199115,-0.672
"66106",108221459,-0.397
"66107",108273366,-0.659
"66108",108317364,-0.544
"66109",108356008,-0.419
"66110",108396073,-0.715
"66111",108427097,-0.669
"66112",108478596,-0.442
"66113",108520172,-0.299
"66114",108546852,-0.115
"66115",108595479,-0.629
"66116",108639987,-0.729
"66117",108673413,-0.42
"66118",108716768,-0.308
"66119",108741336,-0.406
"66120",108781022,-0.658
"66121",108827174,-0.731
"66122",108876145,-0.695
"66123",108907210,-0.56
"66124",108941669,-0.321
"66125",108988672,-0.521
"66126",109033026,-0.894
"66127",109068570,-0.746
"66128",109104049,-0.567
"66129",109152869,-0.544
"66130",109194819,-0.573
"66131",109229377,-0.391
"66132",109267451,-0.506
"66133",109312101,-0.246
"66134",109359683,-0.457
"66135",109382933,-0.353
"66136",109436075,-0.703
"66137",109470602,-0.791
"66138",109502304,-0.48
"66139",109541735,-0.32
"66140",109599384,-0.666
"66141",109638750,-0.436
"66142",109679906,-0.229
"66143",109717000,-0.425
"66144",109759906,-0.52
"66145",109799380,-0.446
"66146",109839611,-0.968
"66147",109867009,-0.653
"66148",109916314,-0.421
"66149",109954593,-0.194
"66150",109999749,-0.822
"66151",110037200,-0.445
"66152",110067861,-0.287
"66153",110104372,-0.243
"66154",110154602,-0.71
"66155",110195454,-0.307
"66156",110232974,-0.719
"66157",110267585,-0.103
"66158",110311217,-0.608
"66159",110348152,-0.863
"66160",110395971,-0.537
"66161",110432481,-0.595
"66162",110473844,-0.714
"66163",110507387,-0.665
"66164",110551948,-0.526
"66165",110595339,-0.647
"66166",110637067,-0.433
"66167",110670317,-0.596
"66168",110711571,-0.451
"66169",110757292,-0.281
"66170",110782650,-1.084
"66171",110840052,-0.705
"66172",110872313,-0.635
"66173",110903513,-0.731
"66174",110953442,-0.774
"66175",110997257,-0.879
"66176",111033265,-0.678
"66177",111072060,-0.582
"66178",111104453,-0.774
"66179",111141453,-0.396
"66180",111195460,-0.652
"66181",111230475,-0.648
"66182",111276982,-0.694
"66183",111319309,-0.055
"66184",111340565,-0.604
"66185",111395232,-0.31
"66186",111435524,-0.576
"66187",111468019,-0.645
"66188",111508525,-0.712
"66189",111551850,-0.442
"66190",111599532,-0.309
"66191",111622897,-0.347
"66192",111663788,-0.576
"66193",111701920,-0.108
"66194",111742572,-0.806
"66195",111795958,-0.239
"66196",111825816,-0.331
"66197",111860544,-0.583
"66198",111919299,-0.35
"66199",111944851,-0.601
"66200",111980308,-0.476
"66201",112031402,-0.84
"66202",112063524,-0.395
"66203",112115462,-0.619
"66204",112159454,-0.549
"66205",112183298,-0.247
"66206",112225617,-0.487
"66207",112275950,-0.88
"66208",112313798,-0.659
"66209",112351602,-0.823
"66210",112395503,-0.953
"66211",112439157,-0.762
"66212",112479010,-0.775
"66213",112513869,-0.496
"66214",112553391,-1.025
"66215",112591931,-0.581
"66216",112622855,-0.458
"66217",112664451,-0.757
"66218",112713546,-0.895
"66219",112740965,-0.533
"66220",112787757,-0.537
"66221",112828402,-0.2
"66222",112879958,-0.307
"66223",112904975,-0.097
"66224",112944934,-0.569
"66225",112981631,-0.591
"66226",113021706,-0.949
"66227",113060859,-0.57
"66228",113112818,-0.566
"66229",113141395,-0.671
"66230",113191893,-0.618
"66231",113238716,-0.57
"66232",113273214,-0.901
"66233",113316391,-0.531
"66234",113343442,-0.598
"66235",113382416,-0.77
"66236",113431168,-0.402
"66237",113474590,-0.406
"66238",113514070,-0.742
"66239",113552427,-0.54
"66240",113599893,-0.732
"66241",113620453,-0.726
"66242",113671590,-0.255
"66243",113711739,-0.444
"66244",113746156,0.123
"66245",113792649,-0.668
"66246",113831295,-0.796
"66247",113870664,-0.604
"66248",113910428,-0.701
"66249",113941676,-0.733
"66250",113994933,-0.186
"66251",114033864,-0.702
"66252",114071128,-0.467
"66253",114108269,-0.125
"66254",114157309,-0.585
"66255",114191130,-0.521
"66256",114226202,-0.376
"66257",114261347,-0.392
"66258",114303084,-0.817
"66259",114345507,-0.667
"66260",114381350,-0.065
"66261",114439262,-0.594
"66262",114473333,-0.294
"66263",114504979,-0.493
"66264",114547367,-0.652
"66265",114596309,-0.646
"66266",114635917,-0.842
"66267",114672460,-0.776
"66268",114700708,-0.185
"66269",114744726,-0.896
"66270",114787946,-0.393
"66271",114838605,-0.176
"66272",114861915,-0.453
"66273",114912310,-0.483
"66274",114954691,-0.555
"66275",114993406,-0.857
"66276",115023468,-0.354
"66277",115060347,-0.183
"66278",115117223,-0.516
"66279",115140932,-0.577
"66280",115195687,-0.32
"66281",115230147,-0.255
"66282",115272243,-0.591
"66283",115317643,-0.298
"66284",115347680,-0.472
"66285",115382594,-0.546
"66286",115431776,-0.616
"66287",115466422,-0.849
"66288",115518572,-0.379
"66289",115542791,-0.174
"66290",115588990,-0.535
"66291",115634029,-0.42
"66292",115665137,-0.739
"66293",115704929,-0.278
"66294",115747080,-0.623
"66295",115794691,-0.222
"66296",115821132,-0.415
"66297",115869843,-0.777
"66298",115902296,-0.249
"66299",115946866,-1.073
"66300",115986167,-0.41
"66301",116020992,-0.495
"66302",116079700,-0.77
"66303",116103793,-0.628
"66304",116146850,-0.509
"66305",116190255,-0.318
"66306",116226962,-0.362
"66307",116262288,-0.522
"66308",116303137,-0.463
"66309",116355982,-0.524
"66310",116393428,-0.882
"66311",116423178,-0.446
"66312",116472226,-0.382
"66313",116514921,-0.626
"66314",116551030,-0.637
"66315",116581909,-0.554
"66316",116635720,-0.532
"66317",116678993,-0.463
"66318",116717891,-0.681
"66319",116755927,-0.81
"66320",116792947,-0.785
"66321",116839280,-0.46
"66322",116879651,-0.41
"66323",116914782,-0.978
"66324",116948724,-0.842
"66325",116986501,-0.15
"66326",117036994,-0.554
"66327",117074099,-0.593
"66328",117103650,-0.589
"66329",117151981,-0.355
"66330",117193325,-0.977
"66331",117223549,-0.496
"66332",117277501,-0.714
"66333",117307111,-0.836
"66334",117343457,-0.073
"66335",117381508,-0.372
"66336",117434697,-0.21
"66337",117460574,-0.616
"66338",117518444,-0.72
"66339",117546190,-0.577
"66340",117591730,-0.465
"66341",117621378,-0.722
"66342",117666336,-0.443
"66343",117709832,-0.278
"66344",117756582,-0.575
"66345",117798865,-0.809
"66346",117837140,-0.058
"66347",117874332,-0.405
"66348",117914664,-0.337
"66349",117956612,-0.739
"66350",117988674,-0.602
"66351",118029425,-0.316
"66352",118063901,-0.362
"66353",118101643,-0.633
"66354",118151688,-0.177
"66355",118199887,-0.512
"66356",118226191,-0.318
"66357",118278336,-0.676
"66358",118312304,-0.288
"66359",118355096,-0.626
"66360",118387138,-0.627
"66361",118435908,-0.24
"66362",118478168,-0.499
"66363",118503050,-0.369
"66364",118554992,-0.383
"66365",118582462,-0.661
"66366",118633183,-0.971
"66367",118671371,-0.58
"66368",118706123,-0.42
"66369",118754424,-0.168
"66370",118781366,-0.382
"66371",118840113,-0.638
"66372",118861478,-0.635
"66373",118911503,-0.343
"66374",118946469,-0.512
"66375",118994443,-0.677
"66376",119027376,-0.668
"66377",119067999,-0.519
"66378",119102925,-0.289
"66379",119153320,-0.33
"66380",119180514,-0.321
"66381",119223286,-0.583
"66382",119261137,-0.234
"66383",119308975,-0.973
"66384",119343462,-0.65
"66385",119382152,-0.54
"66386",119422817,-0.24
"66387",119470968,-0.653
"66388",119512721,-0.533
"66389",119555079,-0.682
"66390",119583485,-0.94
"66391",119631801,-0.057
"66392",119669278,-0.542
"66393",119707215,-0.581
"66394",119755164,-0.091
"66395",119786503,-0.46
"66396",119825258,-0.745
"66397",119860433,-0.395
"66398",119916043,-0.819
"66399",119948111,-0.36
"66400",119983074,-0.433
"66401",120028277,-0.552
"66402",120063663,-0.555
"66403",120113761,-0.921
"66404",120158223,-0.293
"66405",120181420,-0.42
"66406",120238329,-1.101
"66407",120275418,-0.435
"66408",120302921,-0.367
"66409",120346655,-0.267
"66410",120397231,-0.904
"66411",120422459,-0.658
"66412",120461644,-1.039
"66413",120503562,-0.646
"66414",120554304,-0.431
"66415",120599139,-0.99
"66416",120635467,-0.628
"66417",120667637,-0.429
"66418",120719355,-0.361
"66419",120756832,-0.556
"66420",120785853,-0.28
"66421",120832120,-0.59
"66422",120864003,-0.722
"66423",120902976,-0.459
"66424",120943895,-0.91
"66425",120985187,-0.583
"66426",121032228,-0.638
"66427",121076771,-0.502
"66428",121102216,-0.378
"66429",121159136,-0.563
"66430",121191184,-0.445
"66431",121236538,-0.517
"66432",121264896,-0.727
"66433",121318500,-0.986
"66434",121342935,-0.627
"66435",121399595,-0.205
"66436",121421582,-0.412
"66437",121472237,-0.652
"66438",121504243,-0.499
"66439",121540509,-0.625
"66440",121599277,-0.748
"66441",121633099,-0.29
"66442",121669522,-0.705
"66443",121717098,-0.61
"66444",121755860,-0.502
"66445",121785226,-0.542
"66446",121821991,-0.648
"66447",121863212,-0.479
"66448",121914699,-0.599
"66449",121947914,-0.508
"66450",121997830,-0.79
"66451",122036343,-0.317
"66452",122067624,-0.493
"66453",122113109,-0.136
"66454",122146765,-0.843
"66455",122191957,-0.191
"66456",122223554,-0.939
"66457",122276703,-0.901
"66458",122300694,-0.654
"66459",122341311,-0.43
"66460",122389942,-0.66
"66461",122425069,-0.484
"66462",122468953,-0.428
"66463",122502925,-0.294
"66464",122549055,-0.525
"66465",122580612,-0.743
"66466",122625725,-0.843
"66467",122679598,-0.459
"66468",122712705,-0.655
"66469",122745461,-0.534
"66470",122790891,-0.305
"66471",122835123,-0.295
"66472",122876468,-0.128
"66473",122916287,-0.054
"66474",122944040,0.07
"66475",122983686,0.036
"66476",123027628,-0.241
"66477",123065493,-0.177
"66478",123104233,-0.199
"66479",123149936,-0.154
"66480",123180201,0.068
"66481",123222613,0.07
"66482",123266879,-0.259
"66483",123315899,-0.101
"66484",123349188,0.289
"66485",123382978,0.025
"66486",123425981,-0.108
"66487",123465643,-0.268
"66488",123514617,-0.284
"66489",123545885,-0.331
"66490",123589175,0.131
"66491",123628720,-0.023
"66492",123675019,0.189
"66493",123709606,-0.223
"66494",123750709,0.061
"66495",123798675,-0.107
"66496",123839542,0.131
"66497",123873336,-0.11
"66498",123910481,-0.255
"66499",123948271,0.092
"66500",123995808,0.185
"66501",124024880,-0.04
"66502",124067283,-0.12
"66503",124105930,0.087
"66504",124155985,-0.434
"66505",124187266,0.01
"66506",124222087,-0.397
"66507",124269441,-0.019
"66508",124303279,-0.237
"66509",124359060,-0.767
"66510",124386351,-0.396
"66511",124428107,0.01
"66512",124466594,-0.064
"66513",124520054,-0.186
"66514",124541275,-0.297
"66515",124594460,-0.076
"66516",124637766,-0.484
"66517",124669901,-0.293
"66518",124712485,-0.107
"66519",124745390,0.056
"66520",124781409,0.038
"66521",124827684,-0.609
"66522",124860340,-0.522
"66523",124919084,-0.854
"66524",124945888,-0.42
"66525",124997121,-0.782
"66526",125032562,-0.423
"66527",125073300,-0.41
"66528",125107186,-0.964
"66529",125150717,-0.775
"66530",125189651,-0.566
"66531",125236949,0.104
"66532",125279470,0.179
"66533",125303805,0.128
"66534",125349800,-0.035
"66535",125391830,0.163
"66536",125437396,0.132
"66537",125467020,-0.077
"66538",125517729,0.024
"66539",125554576,-0.047
"66540",125589520,0.412
"66541",125621141,-0.46
"66542",125660459,0.409
"66543",125712354,0.349
"66544",125742263,0.476
"66545",125790118,-0.202
"66546",125828150,0.198
"66547",125864393,0.141
"66548",125912424,0.445
"66549",125953002,0.478
"66550",125987951,0.11
"66551",126027190,0.203
"66552",126074067,0.234
"66553",126114081,-0.371
"66554",126153775,0.3
"66555",126198828,0.646
"66556",126223081,-0.224
"66557",126274438,0.271
"66558",126300971,0.072
"66559",126342200,0.056
"66560",126391096,0.003
"66561",126435170,0.15
"66562",126475861,0.068
"66563",126516575,-0.12
"66564",126546206,-0.224
"66565",126594806,0.361
"66566",126638931,-0.09
"66567",126673562,0.255
"66568",126713355,0.189
"66569",126753396,-0.125
"66570",126794034,0.427
"66571",126821011,0.185
"66572",126872611,0.094
"66573",126912913,0.138
"66574",126947704,0.122
"66575",126993686,0.172
"66576",127025237,0.4
"66577",127069097,-0.313
"66578",127113739,0.233
"66579",127150364,0.283
"66580",127189037,-0.283
"66581",127227972,-0.115
"66582",127278648,-0.012
"66583",127316086,0.447
"66584",127353497,-0.235
"66585",127391799,0.528
"66586",127428044,0.166
"66587",127461319,0.273
"66588",127510093,0.417
"66589",127541430,-0.493
"66590",127584176,0.092
"66591",127626093,-0.415
"66592",127674553,-0.03
"66593",127704774,-0.036
"66594",127748955,0.216
"66595",127785165,0.465
"66596",127822155,0.037
"66597",127862564,-0.007
"66598",127907368,-0.825
"66599",127945930,0.189
"66600",127999129,0.392
"66601",128039657,0.07
"66602",128064473,0.125
"66603",128118538,0.305
"66604",128156553,0.138
"66605",128193912,0.006
"66606",128236656,0.219
"66607",128278648,0.475
"66608",128303570,0.262
"66609",128345509,-0.124
"66610",128397454,0.247
"66611",128421758,0.045
"66612",128463331,0.08
"66613",128505868,0.105
"66614",128549782,-0.122
"66615",128595179,0.078
"66616",128628173,0.243
"66617",128676785,0.199
"66618",128719659,0.104
"66619",128740828,0.384
"66620",128784077,0.012
"66621",128825610,-0.069
"66622",128877163,0.326
"66623",128913415,-0.077
"66624",128956978,0.498
"66625",128988876,-0.071
"66626",129034508,0.019
"66627",129063586,-0.091
"66628",129103790,-0.041
"66629",129150223,0.088
"66630",129194344,0.11
"66631",129227402,0.309
"66632",129274018,0.22
"66633",129315777,-0.057
"66634",129357771,0.102
"66635",129383790,-0.65
"66636",129430167,-0.335
"66637",129467292,-0.352
"66638",129503988,-0.299
"66639",129559067,0.131
"66640",129593163,-0.183
"66641",129626942,-0.2
"66642",129663534,-0.161
"66643",129700924,0.003
"66644",129742995,-0.432
"66645",129796494,-0.449
"66646",129821086,-0.211
"66647",129869435,-0.252
"66648",129915543,-0.202
"66649",129951374,-0.011
"66650",129983854,-0.419
"66651",130040027,-0.444
"66652",130067641,-0.03
"66653",130117527,-0.485
"66654",130158305,-0.881
"66655",130195927,-0.544
"66656",130235334,-0.242
"66657",130279798,-0.429
"66658",130311932,0.288
"66659",130347672,-0.073
"66660",130399915,-0.077
"66661",130425203,0.124
"66662",130462669,-0.422
"66663",130504947,-0.293
"66664",130554956,0.089
"66665",130593113,0.024
"66666",130628093,-0.144
"66667",130673695,-0.064
"66668",130715626,-0.052
"66669",130749974,0.201
"66670",130785654,-0.068
"66671",130831687,-1.339
"66672",130871923,-0.14
"66673",130905629,0.252
"66674",130950270,-0.553
"66675",130985910,-0.222
"66676",131024827,-0.353
"66677",131067302,-0.283
"66678",131107235,-0.202
"66679",131159818,-0.654
"66680",131189263,-0.475
"66681",131222437,-0.941
"66682",131271079,-0.727
"66683",131302665,-0.392
"66684",131356065,-0.639
"66685",131387991,-0.484
"66686",131425855,-0.122
"66687",131479224,-0.689
"66688",131516324,-0.303
"66689",131557168,-0.371
"66690",131588043,-0.569
"66691",131624285,-0.533
"66692",131669092,-0.725
"66693",131719219,-0.615
"66694",131743443,-0.825
"66695",131795305,-0.463
"66696",131839790,-0.154
"66697",131871845,-0.788
"66698",131915774,-0.657
"66699",131951595,-0.605
"66700",131994800,-0.434
"66701",132039566,-0.583
"66702",132079309,-0.521
"66703",132111175,-0.37
"66704",132150747,-0.555
"66705",132192220,0.009
"66706",132226149,-0.874
"66707",132269369,-0.446
"66708",132307343,-1.034
"66709",132347939,-0.439
"66710",132387312,-0.244
"66711",132423159,0.11
"66712",132462323,-0.296
"66713",132510581,-0.297
"66714",132555598,0.028
"66715",132599726,-0.298
"66716",132632999,-0.075
"66717",132677388,0.01
"66718",132712325,0.03
"66719",132751222,0.163
"66720",132791166,0.141
"66721",132836934,0.132
"66722",132870493,-0.546
"66723",132901627,-0.145
"66724",132952430,-0.095
"66725",132985604,-0.443
"66726",133039915,0.3
"66727",133062959,-0.216
"66728",133227866,0.001
"66729",133254303,-0.452
"66730",133296518,-0.3
"66731",133331398,0.405
"66732",133371401,0.059
"66733",133419479,0.015
"66734",133461155,0.073
"66735",133490666,-0.101
"66736",133550103,-0.283
"66737",133572648,0.209
"66738",133624672,0.036
"66739",133656518,-0.012
"66740",133694088,-0.425
"66741",133734248,-0.039
"66742",133781213,-0.217
"66743",133822242,-0.321
"66744",133863912,-0.679
"66745",133896472,-0.043
"66746",133930483,-0.411
"66747",133984462,-0.194
"66748",134011870,-0.107
"66749",134053628,0.386
"66750",134095983,-0.366
"66751",134139120,0.049
"66752",134172250,-0.223
"66753",134228511,0.031
"66754",134254437,0.029
"66755",134305682,-0.12
"66756",134335551,-0.187
"66757",134384187,-0.025
"66758",134420109,0.101
"66759",134462728,-0.265
"66760",134500906,0.033
"66761",134546388,-0.073
"66762",134572280,-0.011
"66763",134621039,0.038
"66764",134653207,-0.407
"66765",134694555,-0.091
"66766",134744549,-0.074
"66767",134788626,-0.281
"66768",134817029,-0.125
"66769",134859294,0.105
"66770",134893841,-0.302
"66771",134938691,-0.018
"66772",134980988,-0.204
"66773",135012662,-0.167
"66774",135068577,-0.123
"66775",135097300,0.073
"66776",135137283,-0.193
"66777",135182916,0.175
"66778",135228627,-0.171
"66779",135261818,-0.192
"66780",135302430,0.046
"66781",135349556,-0.262
"66782",135371009,-0.003
"66783",135416573,-0.498
"66784",135453675,-0.669
"66785",135505423,-0.428
"66786",135547998,-0.049
"66787",135570210,-0.385
"66788",135610623,-0.081
"66789",135656190,-0.117
"66790",135693094,-0.077
"66791",135749280,-0.463
"66792",135779388,-0.228
"66793",135823715,-0.315
"66794",135869245,-0.326
"66795",135896698,-0.204
"66796",135945704,-0.264
"66797",135972068,-0.054
"66798",136029994,-0.279
"66799",136053470,0.051
"66800",136091950,-0.105
"66801",136139141,0.213
"66802",136183118,-0.458
"66803",136216040,-0.055
"66804",136269297,0.081
"66805",136304939,-0.538
"66806",136331099,-0.205
"66807",136384876,0.007
"66808",136411117,-0.322
"66809",136459339,-0.348
"66810",136493919,0.024
"66811",136541649,-0.384
"66812",136586250,-0.233
"66813",136617867,0.075
"66814",136655146,-0.05
"66815",136701894,-0.369
"66816",136730816,-0.256
"66817",136777871,-0.317
"66818",136821352,-0.052
"66819",136866687,0.151
"66820",136892159,-0.335
"66821",136939758,0.008
"66822",136973920,-0.054
"66823",137017966,-0.421
"66824",137096504,-0.191
"66825",137136093,0.037
"66826",137161369,-0.056
"66827",137209127,-0.124
"66828",137245343,-0.088
"66829",137291225,-0.253
"66830",137331817,-0.043
"66831",137370141,-0.016
"66832",137403719,0.065
"66833",137443596,-0.156
"66834",137492255,-0.007
"66835",137532044,-0.333
"66836",137560211,-0.807
"66837",137619403,-0.134
"66838",137647041,-0.321
"66839",137694910,-0.181
"66840",137729789,-0.106
"66841",137764892,-0.135
"66842",137811584,0.22
"66843",137850287,-0.188
"66844",137889721,-0.186
"66845",137934116,-0.194
"66846",137977557,-0.411
"66847",138017101,-0.332
"66848",138052931,-0.005
"66849",138091005,-0.256
"66850",138124265,0.139
"66851",138175276,-0.322
"66852",138202714,0.129
"66853",138253260,-0.512
"66854",138283210,-0.411
"66855",138322408,-0.041
"66856",138375631,-0.052
"66857",138412065,0.005
"66858",138446960,0.105
"66859",138485690,0.086
"66860",138537018,0.128
"66861",138565077,-0.369
"66862",138601878,-0.369
"66863",138655987,-0.21
"66864",138697781,-0.232
"66865",138720414,-0.131
"66866",138768393,-0.274
"66867",138806619,-0.248
"66868",138841086,-0.112
"66869",138888073,-0.192
"66870",138928837,-0.151
"66871",138965454,-0.532
"66872",139020007,-0.208
"66873",139057885,-0.1
"66874",139093043,-0.684
"66875",139120795,-0.092
"66876",139165383,-0.178
"66877",139238969,0.138
"66878",139279466,0.06
"66879",139306340,-0.103
"66880",139359182,0.214
"66881",139389767,-0.23
"66882",139433554,-0.43
"66883",139468322,-0.052
"66884",139514053,-0.28
"66885",139544505,-0.325
"66886",139582884,-0.822
"66887",139627035,-0.214
"66888",139669126,-0.472
"66889",139708531,-0.004
"66890",139758856,-0.427
"66891",139797913,-0.191
"66892",139831367,-0.236
"66893",139875269,0
"66894",139917742,-0.301
"66895",139956655,-0.435
"66896",139982897,-0.194
"66897",140035001,-0.245
"66898",140071960,-0.482
"66899",140106674,0.151
"66900",140153892,-0.213
"66901",140183673,-0.572
"66902",140237654,-0.074
"66903",140260666,-0.442
"66904",140313735,-0.1
"66905",140341196,-0.474
"66906",140384099,-0.329
"66907",140425453,-0.301
"66908",140467109,-0.01
"66909",140519716,-0.143
"66910",140557974,0.077
"66911",140599056,0.215
"66912",140622334,-0.055
"66913",140664827,0.026
"66914",140710324,-0.186
"66915",140746220,-0.168
"66916",140798248,-0.156
"66917",140828004,-0.218
"66918",140873493,0.102
"66919",140911335,-0.02
"66920",140958191,0.136
"66921",140991627,-0.468
"66922",141026367,-0.446
"66923",141077948,-0.372
"66924",141118196,-0.049
